Visit Date,temp,humidity,precip,windspeed,uvindex,number
2016-01-01,44.5,79.3,0.0,8.9,6,1.0
2016-01-02,54.2,72.8,0.0,6.7,5,2.0
2016-01-03,58.1,73.0,0.004,6.7,5,3.0
2016-01-04,57.5,90.0,0.069,8.9,3,2.0
2016-01-05,52.6,98.4,0.047,15.7,1,0.0
2016-01-06,48.5,93.4,0.276,11.2,1,0.0
2016-01-07,47.8,76.5,0.0,6.7,4,0.0
2016-01-08,42.4,79.9,0.019,11.2,4,2.0
2016-01-09,43.4,74.7,0.001,6.7,6,1.0
2016-01-10,47.1,96.6,0.224,4.5,1,2.0
2016-01-11,47.2,99.4,0.24,8.9,1,0.0
2016-01-12,42.6,80.7,0.035,9.0,3,0.0
2016-01-13,39.7,73.0,0.0,11.2,6,0.0
2016-01-14,40.5,73.9,0.0,6.7,6,1.0
2016-01-15,44.9,76.1,0.006,4.5,5,1.0
2016-01-16,44.7,79.8,0.078,11.1,5,1.0
2016-01-17,46.2,92.2,0.524,13.3,1,2.0
2016-01-18,42.0,75.5,0.0,13.4,4,1.0
2016-01-19,35.7,55.2,0.0,13.4,7,0.0
2016-01-20,37.1,74.9,0.028,11.2,3,0.0
2016-01-21,38.5,96.6,0.534,11.2,1,0.0
2016-01-22,39.7,94.1,0.56,13.4,1,0.0
2016-01-23,32.2,70.0,0.255,24.6,4,0.0
2016-01-24,24.8,46.9,0.0,29.1,7,2.0
2016-01-25,28.4,45.4,0.0,13.4,7,1.0
2016-01-26,35.8,56.5,0.0,6.7,7,0.0
2016-01-27,40.4,89.2,0.264,8.9,1,0.0
2016-01-28,43.6,100.0,0.626,6.7,2,0.0
2016-01-29,43.9,97.8,0.539,8.9,1,0.0
2016-01-30,41.1,86.8,0.055,11.2,2,0.0
2016-01-31,39.2,85.4,0.133,11.2,3,0.0
2016-02-01,33.7,83.4,0.3,13.4,3,1.0
2016-02-02,34.5,65.7,0.015,13.4,6,2.0
2016-02-03,36.2,73.4,0.0,8.9,7,1.0
2016-02-04,36.3,91.7,0.005,4.5,4,2.0
2016-02-05,41.5,72.0,0.007,11.2,7,1.0
2016-02-06,39.9,54.9,0.0,20.1,6,1.0
2016-02-07,39.6,57.7,0.004,9.0,7,1.0
2016-02-08,45.5,56.9,0.0,6.7,7,0.0
2016-02-09,51.0,56.8,0.0,8.9,7,1.0
2016-02-10,57.7,61.4,0.0,20.1,7,1.0
2016-02-11,63.6,87.8,0.157,11.2,5,0.0
2016-02-12,64.1,85.2,0.0,8.9,6,0.0
2016-02-13,59.5,86.2,0.016,17.9,4,0.0
2016-02-14,40.5,73.2,0.103,20.1,1,0.0
2016-02-15,37.7,43.1,0.003,20.1,8,0.0
2016-02-16,40.5,54.6,0.0,6.7,8,0.0
2016-02-17,42.8,56.1,0.0,8.9,8,0.0
2016-02-18,49.2,56.7,0.0,8.9,8,1.0
2016-02-19,47.7,85.2,0.074,6.7,1,2.0
2016-02-20,48.3,53.5,0.049,17.9,8,1.0
2016-02-21,44.3,59.2,0.0,13.4,8,1.0
2016-02-22,44.9,96.3,0.742,6.8,1,1.0
2016-02-23,44.6,88.3,0.084,11.2,3,1.0
2016-02-24,43.9,69.3,0.0,11.2,7,1.0
2016-02-25,43.2,64.2,0.0,8.9,8,1.0
2016-02-26,50.2,65.6,0.0,8.9,7,0.0
2016-02-27,54.8,63.8,0.0,8.9,8,0.0
2016-02-28,56.4,62.5,0.0,15.6,8,0.0
2016-02-29,48.1,54.5,0.003,13.4,8,0.0
2016-03-01,46.8,60.8,0.0,8.9,8,2.0
2016-03-02,52.2,67.5,0.0,11.2,8,3.0
2016-03-03,61.8,63.2,0.0,13.4,8,0.0
2016-03-04,65.8,67.7,0.004,15.7,8,2.0
2016-03-05,66.5,67.4,0.008,8.9,8,0.0
2016-03-06,55.6,89.0,0.006,11.2,6,1.0
2016-03-07,60.7,83.3,0.0,8.9,8,1.0
2016-03-08,55.6,95.3,0.619,17.8,2,2.0
2016-03-09,43.9,78.7,0.86,15.7,3,1.0
2016-03-10,39.9,69.8,0.103,13.4,3,1.0
2016-03-11,40.6,54.8,0.0,11.1,9,1.0
2016-03-12,43.9,70.0,0.016,17.9,9,1.0
2016-03-13,47.9,94.3,0.262,8.9,1,1.0
2016-03-14,47.8,73.6,0.0,11.2,8,0.0
2016-03-15,47.8,72.0,0.0,13.3,8,0.0
2016-03-16,55.2,62.9,0.0,6.7,9,0.0
2016-03-17,59.7,81.1,0.004,11.2,5,1.0
2016-03-18,61.8,86.8,0.002,6.7,7,0.0
2016-03-19,58.1,91.6,0.052,8.9,4,1.0
2016-03-20,54.6,75.2,0.0,8.9,8,0.0
2016-03-21,54.2,70.7,0.0,6.7,5,0.0
2016-03-22,53.2,93.9,0.186,8.9,2,0.0
2016-03-23,51.4,84.3,0.112,15.5,1,0.0
2016-03-24,47.2,57.7,0.066,13.4,3,0.0
2016-03-25,48.9,54.7,0.0,11.2,9,0.0
2016-03-26,48.9,54.5,0.0,8.9,9,0.0
2016-03-27,52.9,48.0,0.02,13.4,8,1.0
2016-03-28,55.2,49.1,0.0,15.7,9,0.0
2016-03-29,61.8,44.5,0.0,13.4,9,1.0
2016-03-30,57.3,83.6,0.117,6.7,3,0.0
2016-03-31,56.7,89.0,0.224,11.2,5,0.0
2016-04-01,58.9,84.3,0.0,11.2,9,0.0
2016-04-02,65.1,81.4,0.022,13.4,6,1.0
2016-04-03,62.7,98.5,1.516,13.4,4,0.0
2016-04-04,56.4,82.1,0.062,11.2,2,1.0
2016-04-05,60.3,74.1,0.0,13.3,5,3.0
2016-04-06,65.5,87.5,0.044,13.4,7,0.0
2016-04-07,61.5,96.0,0.355,11.2,2,0.0
2016-04-08,62.2,85.7,0.743,8.9,3,1.0
2016-04-09,64.3,83.5,0.036,11.2,8,1.0
2016-04-10,64.0,79.6,0.042,6.7,6,1.0
2016-04-11,62.3,83.8,0.024,11.2,6,1.0
2016-04-12,63.4,93.9,0.047,11.2,3,0.0
2016-04-13,65.1,90.2,0.063,8.9,7,1.0
2016-04-14,65.2,72.1,0.006,11.1,9,1.0
2016-04-15,66.2,58.9,0.007,13.3,5,0.0
2016-04-16,68.9,78.8,0.047,22.4,5,0.0
2016-04-17,64.3,63.4,0.01,11.2,9,1.0
2016-04-18,59.0,61.6,0.052,8.9,9,1.0
2016-04-19,61.5,67.6,0.0,17.9,10,0.0
2016-04-20,66.0,88.8,1.318,15.7,5,1.0
2016-04-21,66.0,96.8,1.416,13.4,2,1.0
2016-04-22,68.1,72.7,0.03,11.2,9,0.0
2016-04-23,58.8,95.9,0.859,11.2,3,1.0
2016-04-24,58.9,99.5,0.461,6.7,2,1.0
2016-04-25,57.8,93.3,0.186,6.7,2,1.0
2016-04-26,61.6,95.9,1.126,8.9,4,1.0
2016-04-27,63.6,84.9,0.047,13.4,6,1.0
2016-04-28,64.7,66.6,0.0,15.7,8,0.0
2016-04-29,66.4,64.6,0.0,8.9,10,0.0
2016-04-30,68.0,58.8,0.0,15.7,10,0.0
2016-05-01,71.7,68.3,0.0,17.9,10,2.0
2016-05-02,73.6,85.1,0.256,13.4,5,1.0
2016-05-03,73.1,54.7,0.613,24.3,9,1.0
2016-05-04,72.8,69.1,0.0,13.4,9,2.0
2016-05-05,74.0,92.0,1.412,20.1,5,1.0
2016-05-06,78.4,81.6,0.299,11.2,7,1.0
2016-05-07,64.1,98.0,0.301,9.0,1,1.0
2016-05-08,60.1,97.9,0.896,4.5,2,2.0
2016-05-09,65.8,96.1,0.083,8.9,2,0.0
2016-05-10,65.5,84.5,0.457,15.5,5,1.0
2016-05-11,67.4,73.5,0.0,11.2,10,2.0
2016-05-12,71.7,67.0,0.0,13.4,10,1.0
2016-05-13,68.8,80.3,0.0,11.2,9,4.0
2016-05-14,71.4,78.8,0.0,20.1,8,1.0
2016-05-15,71.0,84.8,0.251,15.7,7,1.0
2016-05-16,64.8,62.9,0.493,11.2,8,1.0
2016-05-17,64.0,45.4,0.0,15.5,10,1.0
2016-05-18,64.1,59.1,0.004,8.9,9,1.0
2016-05-19,69.4,70.3,0.004,15.7,7,2.0
2016-05-20,66.4,98.0,0.854,8.9,2,4.0
2016-05-21,69.6,99.2,0.636,4.5,2,1.0
2016-05-22,71.7,87.9,0.012,11.2,6,1.0
2016-05-23,74.4,76.4,0.004,8.9,7,1.0
2016-05-24,71.4,85.8,0.053,6.7,2,1.0
2016-05-25,75.2,85.8,0.15,11.2,7,2.0
2016-05-26,74.3,97.4,0.125,8.9,4,3.0
2016-05-27,74.1,96.0,0.078,6.7,4,0.0
2016-05-28,73.7,98.6,0.653,6.7,3,0.0
2016-05-29,71.6,93.0,1.404,11.2,1,0.0
2016-05-30,72.0,86.3,0.0,11.2,2,1.0
2016-05-31,79.7,83.2,0.21,8.9,5,0.0
2016-06-01,71.5,99.5,0.897,11.2,2,1.0
2016-06-02,70.4,81.7,0.508,8.9,7,1.0
2016-06-03,69.5,99.2,0.454,6.7,1,1.0
2016-06-04,72.9,86.0,0.127,13.4,7,1.0
2016-06-05,73.0,75.0,0.0,8.9,8,1.0
2016-06-06,76.8,78.3,0.004,11.2,7,1.0
2016-06-07,77.7,86.8,0.251,8.9,8,0.0
2016-06-08,76.8,90.0,0.672,11.2,5,0.0
2016-06-09,75.2,89.4,0.004,13.4,4,0.0
2016-06-10,79.2,81.6,0.0,15.7,8,2.0
2016-06-11,79.2,85.7,0.004,6.7,7,1.0
2016-06-12,75.0,96.9,0.95,13.4,3,2.0
2016-06-13,74.4,87.8,0.073,6.7,6,2.0
2016-06-14,79.7,81.2,0.0,13.3,9,0.0
2016-06-15,79.3,84.5,0.468,15.7,8,1.0
2016-06-16,71.6,95.4,0.839,6.7,1,2.0
2016-06-17,76.3,82.5,0.0,15.7,7,3.0
2016-06-18,78.3,84.7,0.14,13.4,3,3.0
2016-06-19,80.1,84.5,0.007,11.2,5,7.0
2016-06-20,81.1,87.4,1.092,24.6,5,3.0
2016-06-21,86.6,79.0,0.015,11.1,9,2.0
2016-06-22,86.8,78.8,0.089,11.2,9,0.0
2016-06-23,88.9,77.3,0.012,8.9,9,1.0
2016-06-24,86.5,73.6,0.016,15.7,8,1.0
2016-06-25,71.1,93.5,0.876,8.9,2,2.0
2016-06-26,68.6,99.7,2.087,6.7,1,0.0
2016-06-27,77.2,90.6,0.033,8.9,6,2.0
2016-06-28,80.8,90.6,0.212,8.9,7,1.0
2016-06-29,75.3,98.6,3.275,13.4,2,0.0
2016-06-30,84.1,76.8,0.119,13.4,9,0.0
2016-07-01,85.8,74.9,0.003,15.7,8,1.0
2016-07-02,85.0,80.4,0.001,15.7,8,4.0
2016-07-03,84.5,84.3,0.099,11.2,6,2.0
2016-07-04,87.2,74.8,0.0,20.1,9,0.0
2016-07-05,87.0,70.0,0.192,17.9,9,0.0
2016-07-06,86.1,77.8,0.001,13.4,8,1.0
2016-07-07,85.2,76.6,0.125,15.7,7,2.0
2016-07-08,83.4,82.9,0.111,11.2,8,1.0
2016-07-09,80.7,96.3,0.251,8.9,5,0.0
2016-07-10,80.5,98.3,0.538,6.7,5,0.0
2016-07-11,83.7,88.6,0.026,13.4,4,1.0
2016-07-12,85.8,81.9,0.485,11.2,6,3.0
2016-07-13,85.9,85.6,0.003,15.7,2,5.0
2016-07-14,85.1,87.7,0.099,8.9,7,3.0
2016-07-15,89.8,74.7,0.172,8.9,9,3.0
2016-07-16,82.5,84.5,0.014,13.4,5,1.0
2016-07-17,83.7,84.6,0.008,13.4,6,2.0
2016-07-18,84.2,83.7,0.009,13.4,4,1.0
2016-07-19,84.4,79.7,0.025,8.9,9,1.0
2016-07-20,89.2,73.7,0.0,13.4,9,2.0
2016-07-21,91.3,66.9,0.004,13.4,9,1.0
2016-07-22,89.7,75.6,0.0,17.9,9,1.0
2016-07-23,89.8,71.2,0.0,8.9,9,1.0
2016-07-24,89.1,76.0,0.012,11.2,9,1.0
2016-07-25,88.4,69.9,0.0,13.4,9,0.0
2016-07-26,89.2,71.3,0.0,11.2,9,2.0
2016-07-27,90.2,66.7,0.083,17.7,9,0.0
2016-07-28,87.9,70.7,0.024,17.7,9,0.0
2016-07-29,87.4,76.0,0.024,13.4,9,2.0
2016-07-30,86.7,78.2,0.0,15.6,9,0.0
2016-07-31,87.1,72.6,0.012,17.8,8,0.0
2016-08-01,86.5,78.9,0.049,13.4,8,1.0
2016-08-02,86.5,79.9,0.028,13.4,6,1.0
2016-08-03,80.9,93.1,1.021,11.2,5,2.0
2016-08-04,84.8,80.5,0.007,8.9,8,7.0
2016-08-05,86.8,76.1,0.003,11.2,8,3.0
2016-08-06,84.0,86.4,0.311,11.2,7,0.0
2016-08-07,85.2,76.7,0.04,15.7,8,1.0
2016-08-08,83.5,80.8,0.013,11.2,8,0.0
2016-08-09,82.5,92.5,0.802,11.2,3,4.0
2016-08-10,86.6,82.9,0.237,15.7,8,3.0
2016-08-11,85.6,83.8,0.175,8.9,7,5.0
2016-08-12,86.8,82.1,0.004,15.7,8,3.0
2016-08-13,85.9,84.7,0.024,13.4,8,3.0
2016-08-14,86.1,78.4,0.032,15.5,7,5.0
2016-08-15,87.4,75.4,0.0,11.2,8,6.0
2016-08-16,88.0,75.6,0.008,13.4,8,0.0
2016-08-17,87.3,73.5,0.004,13.4,8,2.0
2016-08-18,88.2,74.4,0.008,13.4,8,3.0
2016-08-19,89.6,73.4,0.004,11.1,9,2.0
2016-08-20,88.4,78.9,0.016,11.1,9,1.0
2016-08-21,87.3,80.7,0.02,11.2,7,4.0
2016-08-22,87.1,75.3,0.237,11.2,8,4.0
2016-08-23,85.5,78.2,0.009,8.9,7,2.0
2016-08-24,84.5,73.8,0.0,11.2,9,1.0
2016-08-25,84.9,74.6,0.0,11.2,9,1.0
2016-08-26,85.4,76.4,0.074,11.2,7,0.0
2016-08-27,81.8,69.0,0.199,15.7,8,4.0
2016-08-28,80.4,51.7,0.051,17.9,9,0.0
2016-08-29,78.3,57.1,0.0,13.4,9,0.0
2016-08-30,77.5,56.2,0.0,17.9,9,0.0
2016-08-31,79.6,53.6,0.0,8.9,9,0.0
2016-09-01,79.5,60.1,0.032,11.2,6,0.0
2016-09-02,81.5,63.9,0.067,8.9,9,1.0
2016-09-03,80.4,68.5,0.0,11.2,9,3.0
2016-09-04,77.1,87.2,0.324,8.9,6,4.0
2016-09-05,78.4,92.7,0.007,8.9,7,4.0
2016-09-06,78.5,84.4,0.009,9.0,7,6.0
2016-09-07,74.9,91.7,0.059,8.9,3,0.0
2016-09-08,77.4,77.8,0.049,6.7,6,2.0
2016-09-09,78.3,73.9,0.008,13.3,5,0.0
2016-09-10,78.3,79.4,0.06,8.9,6,2.0
2016-09-11,70.3,95.9,0.872,8.9,1,3.0
2016-09-12,73.7,87.1,0.012,8.9,5,4.0
2016-09-13,75.6,84.3,0.341,11.2,3,1.0
2016-09-14,75.1,95.7,0.683,8.9,2,1.0
2016-09-15,76.4,97.6,2.158,11.1,1,2.0
2016-09-16,79.4,92.1,2.104,13.4,6,1.0
2016-09-17,77.0,87.3,0.558,13.4,5,4.0
2016-09-18,76.2,79.5,0.098,15.7,2,1.0
2016-09-19,75.0,76.0,0.194,15.7,6,0.0
2016-09-20,73.4,68.4,0.191,15.5,6,0.0
2016-09-21,73.8,73.4,0.123,8.9,6,1.0
2016-09-22,74.2,79.3,0.056,11.2,8,1.0
2016-09-23,75.9,75.5,0.008,11.2,7,1.0
2016-09-24,75.4,78.0,0.0,11.2,8,2.0
2016-09-25,76.6,77.1,0.0,11.2,8,1.0
2016-09-26,76.5,88.2,0.015,8.9,7,1.0
2016-09-27,80.7,94.3,0.401,8.9,4,0.0
2016-09-28,79.2,98.8,0.594,13.3,3,0.0
2016-09-29,76.3,98.1,0.944,11.2,3,1.0
2016-09-30,76.8,92.1,0.104,11.2,7,0.0
2016-10-01,80.7,87.5,0.025,8.9,6,3.0
2016-10-02,82.0,80.5,0.004,11.2,7,3.0
2016-10-03,75.9,87.3,0.022,11.2,6,1.0
2016-10-04,74.5,83.0,0.474,15.5,3,0.0
2016-10-05,76.6,81.0,0.125,8.9,6,1.0
2016-10-06,76.1,78.2,0.056,13.4,4,2.0
2016-10-07,73.7,91.3,0.387,6.7,3,2.0
2016-10-08,69.8,93.1,2.103,13.4,0,4.0
2016-10-09,66.8,66.1,0.004,15.7,4,1.0
2016-10-10,68.2,65.7,0.13,11.2,3,2.0
2016-10-11,69.9,73.5,0.007,11.2,1,1.0
2016-10-12,71.0,67.0,0.0,13.4,5,1.0
2016-10-13,71.1,66.8,0.0,8.9,6,3.0
2016-10-14,69.6,83.2,0.172,8.9,4,4.0
2016-10-15,71.1,89.8,0.028,4.5,2,4.0
2016-10-16,75.9,83.9,0.016,8.9,6,4.0
2016-10-17,72.1,79.8,0.009,8.9,4,0.0
2016-10-18,71.8,85.1,0.008,6.7,2,3.0
2016-10-19,70.9,94.3,0.144,4.5,2,0.0
2016-10-20,74.4,89.9,0.135,8.9,3,1.0
2016-10-21,75.0,100.0,0.339,6.7,3,1.0
2016-10-22,74.5,100.0,0.742,11.2,3,0.0
2016-10-23,70.1,93.2,0.897,15.7,2,1.0
2016-10-24,72.2,84.9,0.02,8.9,4,0.0
2016-10-25,71.2,88.1,0.003,13.3,3,1.0
2016-10-26,75.4,85.2,0.094,15.5,4,1.0
2016-10-27,73.0,95.4,0.005,6.7,3,1.0
2016-10-28,67.6,92.5,0.025,13.4,3,0.0
2016-10-29,60.1,83.3,0.115,11.2,1,0.0
2016-10-30,62.6,67.9,0.0,8.9,5,0.0
2016-10-31,62.3,83.1,0.094,13.4,3,0.0
2016-11-01,57.1,78.9,0.102,13.4,3,0.0
2016-11-02,54.4,75.7,0.049,8.9,4,2.0
2016-11-03,55.1,79.0,0.0,6.7,6,1.0
2016-11-04,58.7,77.3,0.0,8.9,7,0.0
2016-11-05,63.3,78.0,0.0,6.7,7,2.0
2016-11-06,66.1,83.5,0.008,8.9,6,0.0
2016-11-07,67.5,87.8,0.016,13.4,6,0.0
2016-11-08,57.7,85.5,0.584,15.7,0,1.0
2016-11-09,53.6,72.3,0.032,15.7,2,0.0
2016-11-10,53.3,80.8,0.011,13.4,4,0.0
2016-11-11,53.8,75.5,0.0,11.2,7,1.0
2016-11-12,60.1,84.3,0.016,8.9,5,0.0
2016-11-13,66.6,93.4,0.092,6.7,2,1.0
2016-11-14,65.1,98.0,0.265,6.7,2,0.0
2016-11-15,61.7,80.5,0.016,11.2,3,1.0
2016-11-16,60.4,79.9,0.005,8.9,5,0.0
2016-11-17,64.3,89.2,0.026,4.5,3,1.0
2016-11-18,70.6,84.8,0.093,13.4,5,0.0
2016-11-19,69.0,90.7,0.048,6.7,5,0.0
2016-11-20,67.4,100.0,0.002,6.7,1,2.0
2016-11-21,67.9,97.1,0.185,6.7,4,0.0
2016-11-22,57.4,97.3,0.365,13.4,1,0.0
2016-11-23,45.2,93.4,0.443,13.4,1,2.0
2016-11-24,42.7,72.6,0.025,13.4,4,1.0
2016-11-25,46.6,87.7,0.015,6.7,1,0.0
2016-11-26,47.9,91.5,0.843,13.4,1,2.0
2016-11-27,48.9,65.4,0.022,13.4,6,0.0
2016-11-28,49.5,71.2,0.0,11.2,6,1.0
2016-11-29,50.4,84.2,0.004,8.9,3,2.0
2016-11-30,54.2,83.5,0.0,11.2,4,0.0
2016-12-01,51.7,75.8,0.012,11.2,5,0.0
2016-12-02,52.2,75.0,0.061,8.9,4,2.0
2016-12-03,52.7,80.0,0.0,8.9,6,0.0
2016-12-04,56.2,82.2,0.001,4.5,5,0.0
2016-12-05,56.3,83.1,0.0,17.8,5,0.0
2016-12-06,51.0,71.4,0.001,13.4,3,3.0
2016-12-07,48.1,75.2,0.0,8.9,6,2.0
2016-12-08,49.7,71.2,0.0,6.7,6,0.0
2016-12-09,50.5,80.5,0.0,8.9,5,0.0
2016-12-10,51.3,77.7,0.0,8.9,3,0.0
2016-12-11,53.6,74.0,0.0,11.2,3,1.0
2016-12-12,55.3,93.4,0.486,4.5,0,1.0
2016-12-13,56.2,95.8,0.276,11.2,1,1.0
2016-12-14,46.2,80.7,0.055,17.9,2,0.0
2016-12-15,40.3,59.4,0.0,17.9,6,0.0
2016-12-16,40.2,67.4,0.0,13.4,6,0.0
2016-12-17,43.8,74.6,0.0,13.4,6,0.0
2016-12-18,53.6,86.5,0.004,4.5,4,1.0
2016-12-19,59.7,89.7,0.01,8.9,4,2.0
2016-12-20,58.4,100.0,0.152,6.7,1,2.0
2016-12-21,62.1,95.5,1.025,17.9,2,0.0
2016-12-22,50.8,75.7,0.008,17.7,3,1.0
2016-12-23,47.1,62.3,0.0,11.2,6,2.0
2016-12-24,46.9,74.0,0.0,6.7,3,3.0
2016-12-25,52.5,92.3,0.028,4.5,3,1.0
2016-12-26,53.0,93.2,0.192,15.7,0,1.0
2016-12-27,43.6,69.9,0.105,17.9,3,0.0
2016-12-28,40.8,67.0,0.0,11.2,3,1.0
2016-12-29,41.2,63.5,0.0,13.4,6,0.0
2016-12-30,43.7,75.5,0.0,6.7,4,0.0
2016-12-31,46.1,83.5,0.0,6.7,6,0.0
2017-01-01,49.5,91.5,0.0,15.7,5,0.0
2017-01-02,54.7,87.0,0.0,11.2,5,0.0
2017-01-03,53.8,81.6,0.0,6.7,4,1.0
2017-01-04,56.7,86.4,0.0,8.9,2,0.0
2017-01-05,58.0,92.6,0.271,8.9,1,3.0
2017-01-06,54.0,99.4,0.246,8.9,2,1.0
2017-01-07,55.6,97.4,0.659,13.4,3,1.0
2017-01-08,49.5,80.0,0.02,15.7,3,0.0
2017-01-09,45.5,67.2,0.0,15.7,4,0.0
2017-01-10,43.9,77.7,0.003,6.7,4,0.0
2017-01-11,43.3,89.6,0.132,8.9,1,1.0
2017-01-12,42.1,92.9,0.205,6.7,0,0.0
2017-01-13,44.3,69.5,0.0,13.4,6,1.0
2017-01-14,41.7,66.9,0.0,11.2,6,1.0
2017-01-15,41.9,65.9,0.0,8.9,4,1.0
2017-01-16,42.2,70.9,0.0,8.9,5,0.0
2017-01-17,41.9,91.4,0.079,4.5,4,0.0
2017-01-18,46.8,100.0,0.238,6.7,1,0.0
2017-01-19,46.2,96.5,0.091,13.3,1,0.0
2017-01-20,39.6,51.9,0.005,17.9,7,0.0
2017-01-21,36.7,63.8,0.0,8.9,7,0.0
2017-01-22,37.9,64.5,0.0,13.4,7,0.0
2017-01-23,36.4,65.7,0.0,6.7,7,0.0
2017-01-24,39.1,73.0,0.0,8.9,6,0.0
2017-01-25,43.1,77.7,0.0,4.5,3,0.0
2017-01-26,45.0,77.8,0.0,11.1,7,0.0
2017-01-27,46.2,80.6,0.0,11.2,7,0.0
2017-01-28,53.0,81.0,0.0,20.1,5,0.0
2017-01-29,62.8,70.5,0.052,17.9,4,0.0
2017-01-30,43.3,67.6,0.001,17.9,5,0.0
2017-01-31,41.3,63.8,0.0,8.9,5,0.0
2017-02-01,42.9,71.1,0.001,11.2,3,0.0
2017-02-02,42.6,69.2,0.0,8.9,4,0.0
2017-02-03,48.1,76.0,0.0,6.7,4,0.0
2017-02-04,49.6,91.3,0.252,6.7,4,0.0
2017-02-05,46.4,87.4,0.114,11.2,4,2.0
2017-02-06,42.8,76.1,0.0,11.2,6,4.0
2017-02-07,46.9,64.8,0.0,11.2,4,0.0
2017-02-08,43.4,92.6,0.228,15.5,1,1.0
2017-02-09,37.8,64.0,0.02,17.9,4,0.0
2017-02-10,39.1,42.3,0.0,20.1,8,0.0
2017-02-11,39.2,42.8,0.0,13.4,8,0.0
2017-02-12,40.2,51.8,0.0,6.7,8,0.0
2017-02-13,44.2,57.1,0.0,6.7,8,0.0
2017-02-14,46.2,55.9,0.0,8.9,8,0.0
2017-02-15,49.1,59.4,0.0,13.4,8,0.0
2017-02-16,59.3,68.8,0.0,13.4,7,2.0
2017-02-17,49.6,85.1,0.0,15.7,7,0.0
2017-02-18,45.1,80.2,0.069,6.7,5,0.0
2017-02-19,55.2,70.3,0.018,20.1,7,0.0
2017-02-20,52.0,73.8,0.0,20.0,5,0.0
2017-02-21,47.6,66.9,0.0,15.7,5,1.0
2017-02-22,47.2,82.6,0.144,13.4,5,0.0
2017-02-23,40.5,72.1,0.043,15.7,2,0.0
2017-02-24,41.5,59.1,0.0,8.9,7,0.0
2017-02-25,43.8,56.7,0.0,6.7,8,0.0
2017-02-26,48.0,55.3,0.0,6.7,8,0.0
2017-02-27,45.8,60.0,0.0,13.4,8,0.0
2017-02-28,48.5,61.7,0.0,11.2,8,0.0
2017-03-01,54.4,56.2,0.0,22.4,8,2.0
2017-03-02,46.4,42.0,0.0,20.1,9,0.0
2017-03-03,46.9,53.7,0.0,13.4,8,1.0
2017-03-04,54.8,61.9,0.016,8.9,8,2.0
2017-03-05,52.0,99.7,0.293,8.9,1,3.0
2017-03-06,48.3,70.5,0.269,11.2,8,0.0
2017-03-07,45.7,59.0,0.0,6.7,9,0.0
2017-03-08,48.5,63.6,0.0,11.2,8,0.0
2017-03-09,52.1,59.5,0.0,8.9,9,0.0
2017-03-10,52.3,84.2,0.154,17.9,2,0.0
2017-03-11,52.8,83.7,0.009,8.9,2,1.0
2017-03-12,52.7,99.7,0.629,9.1,1,1.0
2017-03-13,48.2,95.7,1.166,11.2,1,0.0
2017-03-14,47.8,66.5,0.032,13.4,8,0.0
2017-03-15,48.1,67.3,0.006,8.9,8,0.0
2017-03-16,48.7,77.4,0.054,6.7,3,0.0
2017-03-17,51.0,67.3,0.009,11.1,8,0.0
2017-03-18,52.0,72.3,0.025,8.9,2,0.0
2017-03-19,51.9,97.6,0.192,8.9,3,0.0
2017-03-20,54.0,93.5,0.687,17.9,4,0.0
2017-03-21,53.7,71.2,0.003,17.9,8,0.0
2017-03-22,48.4,87.1,0.325,13.4,1,1.0
2017-03-23,50.4,88.8,0.088,11.1,4,0.0
2017-03-24,49.7,95.4,0.389,6.7,1,0.0
2017-03-25,51.9,79.5,0.082,13.4,5,0.0
2017-03-26,55.0,64.3,0.0,13.4,9,0.0
2017-03-27,55.8,53.9,0.0,11.2,9,0.0
2017-03-28,60.2,54.4,0.0,17.7,5,0.0
2017-03-29,60.3,74.1,0.0,11.2,8,0.0
2017-03-30,54.1,96.0,0.186,11.2,2,0.0
2017-03-31,51.9,80.9,0.426,13.4,2,0.0
2017-04-01,53.6,59.9,0.037,15.7,9,0.0
2017-04-02,56.7,61.8,0.0,11.2,9,1.0
2017-04-03,59.1,55.3,0.0,17.9,9,1.0
2017-04-04,62.9,65.6,0.0,20.1,9,1.0
2017-04-05,69.7,65.1,0.001,17.9,8,1.0
2017-04-06,69.4,76.7,0.059,15.5,8,0.0
2017-04-07,62.2,98.2,0.84,8.9,5,0.0
2017-04-08,66.0,90.1,0.001,11.2,7,0.0
2017-04-09,58.8,98.7,0.631,11.2,1,1.0
2017-04-10,53.9,96.3,0.849,8.9,3,0.0
2017-04-11,52.9,86.9,0.246,13.4,3,2.0
2017-04-12,56.5,64.9,0.0,8.9,9,1.0
2017-04-13,57.9,51.1,0.0,13.4,10,2.0
2017-04-14,65.7,51.7,0.0,13.4,10,1.0
2017-04-15,71.9,63.0,0.0,13.4,9,1.0
2017-04-16,74.1,78.8,0.076,8.9,8,0.0
2017-04-17,70.2,86.6,0.46,15.7,3,0.0
2017-04-18,72.2,62.4,0.0,17.9,10,0.0
2017-04-19,68.3,63.1,0.03,17.9,8,0.0
2017-04-20,69.4,82.7,1.789,11.2,8,0.0
2017-04-21,64.4,81.4,0.077,15.7,2,1.0
2017-04-22,62.3,71.7,0.002,11.2,8,0.0
2017-04-23,60.6,67.7,0.0,11.2,10,0.0
2017-04-24,65.0,69.0,0.0,11.2,10,1.0
2017-04-25,68.4,81.2,0.291,20.1,8,0.0
2017-04-26,62.4,90.5,1.712,13.4,6,0.0
2017-04-27,60.6,61.8,0.047,13.4,9,0.0
2017-04-28,63.2,54.0,0.003,6.7,10,1.0
2017-04-29,68.7,51.5,0.0,8.9,10,0.0
2017-04-30,71.3,50.8,0.0,15.5,10,0.0
2017-05-01,70.8,72.4,0.03,13.4,9,0.0
2017-05-02,64.5,95.2,0.846,11.2,1,3.0
2017-05-03,65.2,94.2,0.093,11.2,3,2.0
2017-05-04,69.6,93.7,0.186,13.4,3,2.0
2017-05-05,72.8,74.5,0.0,17.7,8,1.0
2017-05-06,68.5,81.8,0.02,8.9,5,1.0
2017-05-07,68.9,69.3,0.0,11.2,9,2.0
2017-05-08,65.2,81.0,0.563,11.2,7,1.0
2017-05-09,72.6,68.0,0.043,13.4,10,2.0
2017-05-10,75.1,57.3,0.0,15.7,10,1.0
2017-05-11,81.0,56.3,0.0,13.4,10,1.0
2017-05-12,69.1,94.2,0.326,13.4,2,0.0
2017-05-13,72.1,73.6,0.14,8.9,9,0.0
2017-05-14,73.6,68.6,0.0,11.1,10,1.0
2017-05-15,70.7,77.8,0.0,11.2,8,1.0
2017-05-16,67.3,77.8,0.03,8.9,7,3.0
2017-05-17,67.8,72.9,0.0,13.4,9,1.0
2017-05-18,71.2,65.9,0.0,15.7,10,0.0
2017-05-19,72.6,67.8,0.0,13.4,9,1.0
2017-05-20,76.4,68.8,0.059,15.7,8,0.0
2017-05-21,73.9,73.9,0.0,13.4,8,2.0
2017-05-22,74.9,78.1,0.0,13.4,6,0.0
2017-05-23,75.5,86.1,0.204,11.2,4,0.0
2017-05-24,69.5,93.8,1.09,15.7,4,2.0
2017-05-25,72.4,61.8,0.0,13.4,10,1.0
2017-05-26,71.4,61.1,0.0,13.4,10,0.0
2017-05-27,73.6,67.3,0.0,11.1,10,0.0
2017-05-28,73.5,65.1,0.0,11.2,9,0.0
2017-05-29,74.4,71.6,0.0,15.7,9,0.0
2017-05-30,79.3,72.2,0.0,13.4,9,0.0
2017-05-31,83.1,68.1,0.028,8.9,8,0.0
2017-06-01,78.2,85.6,0.748,11.1,2,0.0
2017-06-02,78.6,80.8,0.124,15.7,9,2.0
2017-06-03,76.0,68.2,0.0,13.4,8,2.0
2017-06-04,75.0,64.2,0.0,13.4,7,2.0
2017-06-05,68.7,84.3,0.318,8.9,4,0.0
2017-06-06,78.3,83.2,0.014,8.9,8,2.0
2017-06-07,76.4,69.0,0.087,11.2,8,2.0
2017-06-08,77.4,70.2,0.0,13.4,9,0.0
2017-06-09,76.4,85.8,0.296,11.1,7,0.0
2017-06-10,83.2,80.1,0.102,15.7,7,0.0
2017-06-11,74.9,93.0,0.283,11.1,4,1.0
2017-06-12,68.6,99.5,1.93,13.4,2,0.0
2017-06-13,68.1,100.0,3.27,6.7,1,6.0
2017-06-14,71.1,85.7,0.237,11.2,6,2.0
2017-06-15,71.5,74.7,0.0,11.2,10,1.0
2017-06-16,71.9,78.8,0.016,11.1,7,1.0
2017-06-17,73.0,79.5,0.052,8.9,7,2.0
2017-06-18,74.4,79.2,0.024,15.7,8,2.0
2017-06-19,74.5,96.9,0.047,6.7,1,2.0
2017-06-20,77.9,87.7,0.138,8.9,6,0.0
2017-06-21,75.0,96.5,0.707,6.7,3,2.0
2017-06-22,77.2,92.2,0.758,6.7,3,2.0
2017-06-23,79.6,89.8,0.494,11.1,2,2.0
2017-06-24,78.1,97.9,0.948,9.0,2,2.0
2017-06-25,74.0,99.7,0.806,6.7,1,1.0
2017-06-26,74.7,95.5,0.086,8.9,3,0.0
2017-06-27,74.9,90.7,0.1,8.9,4,0.0
2017-06-28,72.3,96.4,0.296,6.7,3,0.0
2017-06-29,76.2,93.8,0.55,8.9,5,0.0
2017-06-30,82.8,82.8,0.415,13.3,8,0.0
2017-07-01,85.1,77.5,0.133,19.9,9,0.0
2017-07-02,85.5,76.8,0.014,20.1,8,1.0
2017-07-03,81.8,86.4,0.075,20.1,8,0.0
2017-07-04,83.7,78.1,0.387,20.1,8,1.0
2017-07-05,84.5,81.1,0.636,22.4,8,1.0
2017-07-06,85.8,79.7,0.015,13.4,8,1.0
2017-07-07,89.0,67.7,0.036,13.3,9,2.0
2017-07-08,86.9,71.3,0.197,11.2,9,0.0
2017-07-09,86.4,73.9,0.002,11.2,5,1.0
2017-07-10,86.4,75.6,0.325,15.7,8,0.0
2017-07-11,84.4,83.4,0.232,13.4,7,1.0
2017-07-12,85.9,79.5,0.06,15.7,8,4.0
2017-07-13,86.9,75.9,0.385,15.5,8,4.0
2017-07-14,89.0,70.2,0.039,13.3,9,2.0
2017-07-15,88.1,69.5,0.0,15.7,9,0.0
2017-07-16,88.6,67.2,0.0,15.5,9,1.0
2017-07-17,87.9,70.1,0.0,17.9,8,1.0
2017-07-18,91.5,63.3,0.0,8.9,9,0.0
2017-07-19,92.4,58.7,0.043,8.9,9,0.0
2017-07-20,92.2,60.0,0.004,11.2,9,0.0
2017-07-21,92.3,59.1,0.008,11.2,9,0.0
2017-07-22,90.6,68.3,0.004,24.6,9,1.0
2017-07-23,91.0,67.5,0.0,11.2,9,3.0
2017-07-24,92.2,61.4,0.0,8.9,9,0.0
2017-07-25,92.8,59.5,0.0,8.9,9,0.0
2017-07-26,91.8,62.4,0.004,11.2,9,1.0
2017-07-27,89.6,66.5,0.0,15.5,9,0.0
2017-07-28,88.5,70.4,0.004,15.7,8,0.0
2017-07-29,88.2,70.3,0.0,15.7,9,0.0
2017-07-30,83.0,92.6,0.118,13.4,4,0.0
2017-07-31,85.7,82.0,0.134,20.1,7,0.0
2017-08-01,86.7,76.7,0.171,22.2,7,1.0
2017-08-02,87.9,72.4,0.0,17.9,8,0.0
2017-08-03,88.9,73.0,0.0,15.7,9,0.0
2017-08-04,88.9,76.4,0.015,11.1,9,3.0
2017-08-05,88.6,81.5,0.119,8.9,9,2.0
2017-08-06,89.5,75.0,0.004,11.1,8,3.0
2017-08-07,91.5,70.1,0.087,13.4,8,1.0
2017-08-08,92.4,67.0,0.098,15.7,8,1.0
2017-08-09,85.8,79.9,0.669,13.4,8,1.0
2017-08-10,84.9,81.9,0.179,6.7,5,1.0
2017-08-11,87.9,72.6,0.0,11.2,8,1.0
2017-08-12,85.1,82.0,0.158,8.9,5,1.0
2017-08-13,88.1,75.7,0.059,11.2,9,2.0
2017-08-14,88.7,76.2,0.098,11.2,8,1.0
2017-08-15,86.6,78.9,0.111,8.9,7,1.0
2017-08-16,86.5,75.8,0.394,11.2,8,2.0
2017-08-17,84.2,77.9,0.123,11.2,9,0.0
2017-08-18,84.9,75.4,0.481,11.2,9,1.0
2017-08-19,86.7,73.9,0.008,15.7,9,2.0
2017-08-20,83.8,85.3,0.295,19.9,8,2.0
2017-08-21,85.5,78.7,0.02,11.2,8,0.0
2017-08-22,86.6,78.3,0.04,15.7,7,1.0
2017-08-23,87.2,75.1,0.001,17.9,7,0.0
2017-08-24,90.0,70.2,0.0,11.2,9,0.0
2017-08-25,85.9,84.6,0.155,15.5,9,0.0
2017-08-26,82.6,93.9,0.049,11.2,5,0.0
2017-08-27,85.7,81.7,0.008,13.4,7,0.0
2017-08-28,88.7,69.8,0.0,8.9,9,0.0
2017-08-29,87.6,74.2,0.002,13.3,9,1.0
2017-08-30,82.7,71.7,0.028,13.4,6,0.0
2017-08-31,80.2,61.7,0.0,11.2,5,2.0
2017-09-01,78.1,70.6,0.0,11.2,8,1.0
2017-09-02,76.7,80.2,0.032,9.0,6,0.0
2017-09-03,80.8,72.0,0.0,15.7,7,0.0
2017-09-04,82.4,72.7,0.0,13.3,8,2.0
2017-09-05,86.2,72.5,0.0,11.1,9,1.0
2017-09-06,86.2,78.5,0.296,13.3,8,2.0
2017-09-07,77.7,94.2,0.242,8.9,4,1.0
2017-09-08,76.8,95.4,0.013,8.9,2,1.0
2017-09-09,79.0,94.6,0.221,8.9,4,1.0
2017-09-10,85.5,79.7,0.007,13.4,8,1.0
2017-09-11,80.8,90.1,0.121,11.2,6,1.0
2017-09-12,76.4,86.9,0.031,11.2,4,4.0
2017-09-13,76.4,72.9,0.0,15.7,8,4.0
2017-09-14,74.3,84.3,0.047,15.6,3,0.0
2017-09-15,75.3,98.3,0.089,13.4,1,2.0
2017-09-16,74.8,78.6,0.113,15.7,8,0.0
2017-09-17,73.9,71.0,0.0,13.4,8,1.0
2017-09-18,75.7,72.8,0.0,11.2,9,1.0
2017-09-19,79.2,72.0,0.028,8.9,8,0.0
2017-09-20,75.9,94.5,0.517,11.2,2,0.0
2017-09-21,71.8,99.7,0.777,6.7,2,1.0
2017-09-22,74.3,92.2,0.016,6.7,2,1.0
2017-09-23,70.3,99.2,0.172,11.2,1,0.0
2017-09-24,75.4,92.2,0.246,8.9,4,1.0
2017-09-25,81.3,90.4,0.217,8.9,8,6.0
2017-09-26,85.3,82.3,0.008,11.2,7,0.0
2017-09-27,79.0,88.5,0.055,13.4,6,0.0
2017-09-28,70.3,86.4,0.031,11.2,1,0.0
2017-09-29,71.1,84.4,0.001,6.7,4,0.0
2017-09-30,72.6,100.0,0.188,6.7,3,0.0
2017-10-01,82.2,84.0,0.064,13.4,7,0.0
2017-10-02,81.1,85.6,0.142,15.6,7,0.0
2017-10-03,73.3,76.4,0.001,13.4,6,0.0
2017-10-04,70.7,68.3,0.0,11.1,4,0.0
2017-10-05,71.1,75.6,0.0,9.0,7,0.0
2017-10-06,70.3,78.9,0.0,8.9,4,1.0
2017-10-07,71.7,77.5,0.0,4.5,5,0.0
2017-10-08,74.0,78.4,0.0,11.2,7,1.0
2017-10-09,75.8,86.5,0.024,11.2,6,0.0
2017-10-10,81.2,85.7,0.04,11.2,7,1.0
2017-10-11,72.6,92.6,0.036,11.2,2,1.0
2017-10-12,66.3,97.0,0.047,11.2,2,2.0
2017-10-13,67.5,73.6,0.074,15.7,4,0.0
2017-10-14,66.1,81.5,0.314,11.2,1,2.0
2017-10-15,66.5,100.0,2.583,13.4,0,1.0
2017-10-16,67.2,99.7,4.671,13.5,1,1.0
2017-10-17,65.5,89.3,0.378,11.2,2,0.0
2017-10-18,67.1,86.6,0.051,11.2,2,0.0
2017-10-19,66.2,84.2,0.059,13.4,5,0.0
2017-10-20,64.5,83.5,0.027,8.9,4,0.0
2017-10-21,65.8,71.5,0.016,13.4,5,0.0
2017-10-22,65.5,69.7,0.0,19.9,6,0.0
2017-10-23,63.5,68.1,0.0,13.4,6,2.0
2017-10-24,61.2,65.4,0.0,11.2,6,1.0
2017-10-25,60.4,77.8,0.0,6.7,5,0.0
2017-10-26,63.2,77.6,0.0,6.7,6,3.0
2017-10-27,62.4,80.0,0.0,8.9,7,5.0
2017-10-28,64.5,72.2,0.0,15.7,6,4.0
2017-10-29,63.0,70.9,0.002,17.9,5,0.0
2017-10-30,57.6,56.6,0.0,15.7,3,1.0
2017-10-31,58.7,69.2,0.0,6.7,4,0.0
2017-11-01,60.5,74.6,0.0,6.7,7,0.0
2017-11-02,63.3,75.7,0.0,6.7,6,0.0
2017-11-03,64.9,71.8,0.008,13.4,7,0.0
2017-11-04,58.8,54.3,0.015,13.4,5,0.0
2017-11-05,58.1,65.1,0.004,6.7,3,1.0
2017-11-06,60.5,85.0,0.004,4.5,5,1.0
2017-11-07,64.8,98.7,0.253,4.5,1,0.0
2017-11-08,64.3,78.0,0.008,8.9,6,1.0
2017-11-09,60.5,77.0,0.0,8.9,7,1.0
2017-11-10,60.0,84.2,0.025,11.2,3,1.0
2017-11-11,59.2,67.1,0.009,11.2,3,1.0
2017-11-12,58.6,76.3,0.0,6.7,6,0.0
2017-11-13,63.6,76.8,0.028,6.7,5,1.0
2017-11-14,61.0,98.2,0.263,6.7,2,1.0
2017-11-15,59.3,96.9,0.217,6.7,1,1.0
2017-11-16,59.4,99.7,0.253,4.5,3,0.0
2017-11-17,64.4,95.1,0.464,6.7,3,1.0
2017-11-18,53.5,77.6,0.772,15.7,2,0.0
2017-11-19,50.1,68.0,0.001,11.2,3,0.0
2017-11-20,49.6,85.7,0.07,11.2,1,0.0
2017-11-21,49.6,91.1,0.299,6.7,1,0.0
2017-11-22,51.4,84.6,0.64,13.4,2,0.0
2017-11-23,50.4,57.7,0.0,13.4,6,0.0
2017-11-24,49.2,58.3,0.0,8.9,6,1.0
2017-11-25,52.3,68.7,0.0,6.6,4,0.0
2017-11-26,54.4,77.2,0.007,8.9,4,0.0
2017-11-27,53.4,85.1,0.003,8.9,6,0.0
2017-11-28,62.9,73.0,0.0,8.9,6,0.0
2017-11-29,55.7,97.5,1.18,8.9,1,0.0
2017-11-30,50.7,90.6,0.425,11.2,1,1.0
2017-12-01,49.2,76.6,0.017,8.9,2,0.0
2017-12-02,51.1,79.3,0.0,4.5,4,0.0
2017-12-03,51.3,89.0,0.022,6.7,5,1.0
2017-12-04,53.0,71.2,0.002,15.7,5,0.0
2017-12-05,44.9,60.1,0.0,13.4,6,0.0
2017-12-06,42.6,64.2,0.0,6.7,6,0.0
2017-12-07,47.2,67.6,0.008,11.2,6,2.0
2017-12-08,44.8,53.0,0.0,22.4,6,1.0
2017-12-09,41.4,56.9,0.0,8.9,6,0.0
2017-12-10,45.7,56.6,0.0,13.4,6,0.0
2017-12-11,43.0,60.1,0.0,8.9,6,1.0
2017-12-12,43.6,68.5,0.0,11.2,5,1.0
2017-12-13,47.2,69.7,0.0,11.2,4,0.0
2017-12-14,48.1,90.5,0.069,4.5,2,1.0
2017-12-15,48.7,96.7,0.283,8.9,1,1.0
2017-12-16,43.3,75.8,0.171,15.7,3,1.0
2017-12-17,36.7,53.7,0.0,13.4,6,1.0
2017-12-18,36.9,58.5,0.0,8.9,6,1.0
2017-12-19,38.8,71.7,0.0,13.4,5,1.0
2017-12-20,40.8,66.9,0.0,8.9,6,1.0
2017-12-21,40.7,60.9,0.0,6.7,6,1.0
2017-12-22,45.7,69.2,0.0,11.2,6,0.0
2017-12-23,52.0,86.2,0.02,6.7,4,0.0
2017-12-24,53.2,54.1,0.472,22.2,6,1.0
2017-12-25,43.8,56.9,0.0,8.9,6,0.0
2017-12-26,41.4,73.4,0.0,8.9,6,2.0
2017-12-27,44.7,81.2,0.0,6.7,5,3.0
2017-12-28,49.9,95.2,0.247,4.5,2,0.0
2017-12-29,51.6,98.9,0.037,4.5,1,0.0
2017-12-30,51.0,94.8,0.088,13.4,1,0.0
2017-12-31,45.1,69.6,0.004,13.4,6,0.0
2018-01-01,42.1,72.2,0.0,8.9,6,1.0
2018-01-02,50.5,78.1,0.0,8.9,4,2.0
2018-01-03,50.2,97.9,0.48,13.4,0,0.0
2018-01-04,46.3,100.0,0.425,8.9,1,1.0
2018-01-05,41.8,88.6,0.287,13.4,2,0.0
2018-01-06,41.7,80.7,0.018,8.9,2,0.0
2018-01-07,45.3,97.6,0.261,15.7,1,0.0
2018-01-08,40.0,73.7,0.287,17.9,1,0.0
2018-01-09,38.4,39.6,0.0,22.1,6,1.0
2018-01-10,39.0,50.3,0.0,17.8,6,0.0
2018-01-11,36.2,49.3,0.0,11.2,7,0.0
2018-01-12,33.4,48.0,0.0,15.5,7,1.0
2018-01-13,33.4,56.8,0.0,4.5,6,0.0
2018-01-14,42.5,68.1,0.0,11.2,6,1.0
2018-01-15,48.8,82.4,0.004,6.7,6,0.0
2018-01-16,55.6,79.5,0.128,11.2,5,0.0
2018-01-17,50.6,76.9,0.057,13.4,6,0.0
2018-01-18,48.7,90.1,0.0,8.9,3,2.0
2018-01-19,47.1,98.0,0.0,6.7,3,0.0
2018-01-20,46.4,100.0,0.038,6.7,2,0.0
2018-01-21,47.6,98.9,0.375,8.9,1,2.0
2018-01-22,45.1,86.8,0.34,11.2,3,1.0
2018-01-23,42.2,88.3,0.001,11.1,4,1.0
2018-01-24,38.8,75.1,0.033,11.2,2,0.0
2018-01-25,36.9,98.3,0.449,11.2,1,0.0
2018-01-26,34.7,82.2,0.248,11.2,2,1.0
2018-01-27,34.6,93.9,0.241,6.7,1,0.0
2018-01-28,36.4,94.1,0.57,13.4,1,0.0
2018-01-29,32.6,71.2,0.005,15.7,7,0.0
2018-01-30,32.9,61.1,0.0,8.9,7,0.0
2018-01-31,33.8,78.7,0.134,8.9,1,0.0
2018-02-01,35.1,68.9,0.002,13.4,7,0.0
2018-02-02,37.0,65.8,0.0,11.2,7,2.0
2018-02-03,35.4,53.6,0.006,15.7,6,0.0
2018-02-04,33.9,46.9,0.0,13.4,6,0.0
2018-02-05,34.3,46.9,0.0,13.4,7,0.0
2018-02-06,33.4,63.4,0.0,11.2,7,0.0
2018-02-07,35.9,62.3,0.0,8.9,5,0.0
2018-02-08,37.3,68.3,0.0,11.2,7,0.0
2018-02-09,41.4,87.1,0.101,6.7,2,0.0
2018-02-10,42.9,88.5,0.047,11.2,5,0.0
2018-02-11,40.1,62.5,0.0,11.2,8,1.0
2018-02-12,41.5,40.7,0.0,17.9,8,0.0
2018-02-13,42.6,54.6,0.0,13.3,8,0.0
2018-02-14,54.5,58.7,0.0,11.2,7,0.0
2018-02-15,49.1,88.0,0.0,11.2,3,0.0
2018-02-16,43.5,92.3,0.11,8.9,2,1.0
2018-02-17,46.2,75.1,0.0,15.7,8,1.0
2018-02-18,52.6,75.6,0.002,13.4,4,0.0
2018-02-19,47.7,92.8,0.192,8.9,3,0.0
2018-02-20,45.2,98.6,0.342,8.9,1,0.0
2018-02-21,43.7,89.2,0.273,8.9,3,1.0
2018-02-22,43.5,81.2,0.103,6.7,3,5.0
2018-02-23,43.8,77.0,0.0,11.2,8,0.0
2018-02-24,48.4,85.1,0.364,8.9,3,0.0
2018-02-25,47.7,94.4,0.271,8.9,2,0.0
2018-02-26,49.6,74.4,0.0,11.2,8,2.0
2018-02-27,52.7,74.5,0.0,17.9,8,0.0
2018-02-28,58.4,79.6,0.084,22.4,3,0.0
2018-03-01,51.6,78.4,0.16,15.7,8,0.0
2018-03-02,49.1,91.0,0.119,13.3,2,0.0
2018-03-03,58.1,89.3,0.366,11.2,7,1.0
2018-03-04,67.6,80.4,0.123,15.7,7,0.0
2018-03-05,52.2,81.1,0.339,20.1,2,3.0
2018-03-06,48.2,71.1,0.006,11.1,4,0.0
2018-03-07,48.9,95.4,0.303,8.9,2,2.0
2018-03-08,47.7,77.6,0.12,15.7,5,0.0
2018-03-09,43.9,55.7,0.0,13.4,9,0.0
2018-03-10,47.7,62.3,0.0,6.7,9,0.0
2018-03-11,53.4,59.8,0.0,15.7,9,0.0
2018-03-12,60.6,69.4,0.0,17.9,8,0.0
2018-03-13,64.2,76.0,0.0,15.7,8,0.0
2018-03-14,67.3,79.6,0.024,17.9,5,2.0
2018-03-15,65.3,79.6,0.022,8.9,3,3.0
2018-03-16,49.7,81.6,0.012,13.4,5,0.0
2018-03-17,51.1,76.7,0.005,13.4,6,1.0
2018-03-18,57.3,82.2,0.287,11.2,5,0.0
2018-03-19,52.5,91.4,0.382,11.2,2,0.0
2018-03-20,46.4,85.1,0.394,19.9,1,0.0
2018-03-21,44.6,77.2,0.175,19.9,4,0.0
2018-03-22,50.4,73.3,0.0,8.9,9,0.0
2018-03-23,56.1,70.6,0.0,11.1,9,0.0
2018-03-24,60.3,67.0,0.0,8.9,8,1.0
2018-03-25,61.3,77.3,0.0,8.9,6,2.0
2018-03-26,58.6,87.4,0.071,11.1,3,0.0
2018-03-27,60.8,81.0,0.065,11.1,8,0.0
2018-03-28,63.9,71.2,0.0,13.3,9,0.0
2018-03-29,65.7,76.3,0.0,13.4,8,0.0
2018-03-30,65.6,80.7,0.0,13.3,7,0.0
2018-03-31,66.1,68.7,0.0,15.7,9,0.0
2018-04-01,70.1,69.3,0.003,13.4,9,0.0
2018-04-02,72.1,73.1,0.002,13.4,8,1.0
2018-04-03,72.7,75.5,0.007,20.0,6,1.0
2018-04-04,63.5,92.1,0.003,11.2,4,0.0
2018-04-05,57.9,92.8,1.029,11.2,7,1.0
2018-04-06,54.0,68.1,0.257,17.9,8,0.0
2018-04-07,53.2,39.8,0.0,26.6,10,0.0
2018-04-08,56.9,56.3,0.0,15.7,10,0.0
2018-04-09,64.7,56.4,0.0,15.5,10,1.0
2018-04-10,71.5,55.9,0.0,20.1,9,1.0
2018-04-11,69.4,65.6,0.024,8.9,8,0.0
2018-04-12,66.5,81.9,0.012,11.2,7,1.0
2018-04-13,65.1,93.9,0.173,13.4,4,1.0
2018-04-14,59.5,89.5,0.339,15.7,4,1.0
2018-04-15,58.1,66.2,0.017,13.4,8,0.0
2018-04-16,53.9,68.2,0.0,6.7,4,2.0
2018-04-17,56.8,57.8,0.0,8.9,10,0.0
2018-04-18,62.8,61.6,0.0,11.2,10,0.0
2018-04-19,68.2,60.2,0.0,11.2,10,1.0
2018-04-20,70.0,66.6,0.0,17.7,10,0.0
2018-04-21,73.2,74.5,0.001,17.9,7,0.0
2018-04-22,76.2,81.8,0.013,11.2,8,1.0
2018-04-23,71.4,91.8,0.731,13.4,6,1.0
2018-04-24,59.6,83.7,0.246,15.7,4,0.0
2018-04-25,62.4,67.8,0.0,13.4,9,0.0
2018-04-26,65.1,62.5,0.0,8.9,9,0.0
2018-04-27,70.9,60.1,0.0,8.9,9,0.0
2018-04-28,70.9,58.5,0.0,13.3,10,0.0
2018-04-29,72.4,70.2,0.004,11.2,8,0.0
2018-04-30,76.2,81.8,0.139,8.9,6,0.0
2018-05-01,77.7,85.8,0.727,11.1,6,0.0
2018-05-02,72.6,83.5,0.749,13.4,5,1.0
2018-05-03,67.5,51.9,0.0,6.7,10,1.0
2018-05-04,70.2,49.9,0.0,15.5,10,2.0
2018-05-05,66.6,79.4,0.973,15.7,5,2.0
2018-05-06,78.5,74.1,0.0,13.4,9,1.0
2018-05-07,71.7,84.7,0.184,11.2,2,1.0
2018-05-08,65.8,88.1,1.077,11.1,5,0.0
2018-05-09,65.1,74.2,0.0,11.2,7,0.0
2018-05-10,63.3,73.2,0.0,15.7,9,0.0
2018-05-11,69.9,70.5,0.0,17.9,10,0.0
2018-05-12,78.7,71.0,0.02,11.2,9,1.0
2018-05-13,76.8,83.5,0.002,8.9,4,1.0
2018-05-14,80.7,77.6,0.0,11.2,9,0.0
2018-05-15,84.3,73.1,0.002,15.7,9,0.0
2018-05-16,86.5,71.2,0.0,17.9,9,1.0
2018-05-17,88.1,63.7,0.043,13.4,9,1.0
2018-05-18,83.7,74.1,0.074,13.3,9,2.0
2018-05-19,74.1,94.1,0.79,11.2,2,0.0
2018-05-20,72.3,92.8,0.033,11.2,3,1.0
2018-05-21,70.6,94.5,0.022,11.2,5,1.0
2018-05-22,75.3,87.6,0.061,17.7,6,1.0
2018-05-23,71.7,57.0,0.009,13.4,9,2.0
2018-05-24,72.1,58.3,0.0,13.4,7,0.0
2018-05-25,77.9,68.1,0.008,8.9,8,2.0
2018-05-26,74.8,93.9,1.322,8.9,5,0.0
2018-05-27,72.0,96.2,0.228,6.7,3,1.0
2018-05-28,75.5,86.0,0.123,6.7,3,0.0
2018-05-29,75.8,89.3,0.004,6.7,5,3.0
2018-05-30,75.9,89.7,0.112,8.9,7,1.0
2018-05-31,67.6,93.1,0.79,8.9,1,0.0
2018-06-01,69.0,72.2,0.001,8.9,9,1.0
2018-06-02,67.8,78.6,0.003,8.9,5,1.0
2018-06-03,72.3,77.0,0.004,8.9,4,1.0
2018-06-04,73.3,82.2,0.001,6.7,6,0.0
2018-06-05,71.5,89.0,0.164,6.7,3,1.0
2018-06-06,71.1,93.8,0.155,8.9,4,0.0
2018-06-07,76.1,82.6,0.0,8.9,8,1.0
2018-06-08,76.2,85.5,0.043,8.9,5,4.0
2018-06-09,76.3,79.6,0.0,8.9,8,0.0
2018-06-10,71.6,89.7,0.314,8.9,2,1.0
2018-06-11,76.3,72.8,0.109,15.7,9,1.0
2018-06-12,79.1,66.5,0.0,8.9,9,0.0
2018-06-13,80.7,63.0,0.0,17.8,9,0.0
2018-06-14,78.4,68.5,0.004,13.4,7,1.0
2018-06-15,77.7,69.7,0.0,11.2,8,0.0
2018-06-16,75.7,70.5,0.0,8.9,7,2.0
2018-06-17,76.6,76.2,0.024,15.5,6,2.0
2018-06-18,81.1,75.2,0.0,15.7,8,0.0
2018-06-19,84.3,77.6,0.049,13.4,5,1.0
2018-06-20,74.4,99.0,0.909,8.9,1,0.0
2018-06-21,75.6,81.4,0.043,8.9,7,0.0
2018-06-22,71.9,94.9,1.372,8.9,2,2.0
2018-06-23,71.1,99.5,0.557,6.7,2,1.0
2018-06-24,77.3,90.9,0.077,8.9,5,0.0
2018-06-25,85.5,81.5,0.052,15.7,9,1.0
2018-06-26,89.1,75.2,0.0,13.4,9,2.0
2018-06-27,90.9,67.3,0.0,11.2,9,1.0
2018-06-28,89.8,68.6,0.016,13.4,8,0.0
2018-06-29,81.0,85.7,0.944,13.4,4,1.0
2018-06-30,81.1,84.4,0.157,11.2,6,0.0
2018-07-01,83.6,79.6,0.075,13.4,5,1.0
2018-07-02,84.3,77.4,0.004,13.3,7,1.0
2018-07-03,82.6,87.0,0.58,8.9,5,1.0
2018-07-04,82.8,90.1,0.134,13.4,5,0.0
2018-07-05,81.6,93.0,0.069,11.1,6,1.0
2018-07-06,81.3,92.4,0.098,11.2,4,1.0
2018-07-07,83.7,86.1,0.008,15.5,7,0.0
2018-07-08,85.9,79.2,0.012,13.4,8,1.0
2018-07-09,86.2,71.8,0.004,20.0,8,2.0
2018-07-10,85.1,73.2,0.016,13.4,8,4.0
2018-07-11,84.3,73.6,0.163,26.8,8,1.0
2018-07-12,84.5,75.3,0.017,17.9,8,0.0
2018-07-13,85.0,71.3,0.008,17.9,9,1.0
2018-07-14,84.5,69.8,0.0,15.7,9,0.0
2018-07-15,85.2,67.6,0.0,17.9,8,3.0
2018-07-16,84.5,71.4,0.0,17.9,8,1.0
2018-07-17,85.1,73.3,0.008,15.7,7,0.0
2018-07-18,84.3,73.2,0.016,19.9,7,0.0
2018-07-19,84.5,73.3,0.004,13.4,7,0.0
2018-07-20,84.8,71.5,0.0,15.7,7,0.0
2018-07-21,83.6,79.9,0.266,13.3,8,1.0
2018-07-22,82.2,86.0,0.643,17.9,3,3.0
2018-07-23,83.0,84.4,0.169,15.7,4,2.0
2018-07-24,85.9,78.6,0.051,11.2,8,2.0
2018-07-25,88.2,76.7,0.015,11.1,9,1.0
2018-07-26,84.7,86.2,0.161,13.4,9,1.0
2018-07-27,86.1,80.5,0.028,8.9,8,1.0
2018-07-28,88.5,73.9,0.012,6.7,8,0.0
2018-07-29,88.8,70.8,0.0,6.7,9,0.0
2018-07-30,86.1,76.2,0.133,15.7,9,0.0
2018-07-31,86.3,74.6,0.004,11.2,8,0.0
2018-08-01,86.3,74.3,0.069,11.2,8,0.0
2018-08-02,83.5,85.5,1.88,11.2,7,2.0
2018-08-03,84.1,79.4,1.302,17.9,7,0.0
2018-08-04,87.5,73.0,0.028,17.9,8,1.0
2018-08-05,87.9,74.5,0.028,13.4,8,3.0
2018-08-06,86.2,78.5,0.004,17.9,8,0.0
2018-08-07,85.6,79.0,0.0,13.3,9,0.0
2018-08-08,86.1,75.3,0.008,8.9,9,0.0
2018-08-09,85.9,78.0,0.008,8.9,8,0.0
2018-08-10,87.5,67.4,0.0,8.9,9,1.0
2018-08-11,85.9,71.7,0.028,8.9,7,4.0
2018-08-12,82.0,89.1,0.816,13.4,1,0.0
2018-08-13,85.5,80.5,0.951,20.1,7,0.0
2018-08-14,85.2,80.9,0.026,17.9,7,2.0
2018-08-15,85.5,80.8,0.133,11.2,8,0.0
2018-08-16,82.8,87.0,0.625,15.7,5,2.0
2018-08-17,84.0,84.1,2.099,17.9,5,0.0
2018-08-18,83.1,84.4,0.137,17.9,7,4.0
2018-08-19,83.4,84.9,0.049,17.9,6,0.0
2018-08-20,86.1,79.7,0.004,13.4,8,0.0
2018-08-21,85.0,84.3,0.044,11.2,8,2.0
2018-08-22,85.3,78.4,0.0,11.2,8,1.0
2018-08-23,84.3,69.8,0.0,13.4,9,2.0
2018-08-24,81.5,66.2,0.004,8.9,5,2.0
2018-08-25,81.9,89.4,0.63,8.9,6,1.0
2018-08-26,83.0,87.3,1.01,11.2,7,3.0
2018-08-27,84.0,82.1,0.061,13.4,7,3.0
2018-08-28,84.2,75.9,0.221,17.9,8,3.0
2018-08-29,84.7,75.0,0.008,22.4,7,0.0
2018-08-30,85.1,72.5,0.0,20.1,7,0.0
2018-08-31,86.2,68.8,0.098,13.4,8,0.0
2018-09-01,84.9,75.4,0.006,8.9,7,2.0
2018-09-02,84.4,82.7,0.296,13.3,7,1.0
2018-09-03,84.7,84.0,0.37,13.4,7,5.0
2018-09-04,85.0,69.8,0.01,15.5,7,1.0
2018-09-05,82.1,65.7,0.0,6.7,9,0.0
2018-09-06,83.7,77.7,0.266,13.3,7,0.0
2018-09-07,76.5,84.4,0.123,11.2,4,0.0
2018-09-08,70.9,91.4,0.438,8.9,1,2.0
2018-09-09,75.2,72.5,0.012,11.2,7,0.0
2018-09-10,75.0,72.8,0.0,11.2,6,2.0
2018-09-11,72.9,85.6,0.457,11.1,2,2.0
2018-09-12,74.1,89.6,0.32,8.9,5,1.0
2018-09-13,79.5,80.4,0.036,6.6,6,0.0
2018-09-14,81.7,79.8,0.017,8.9,7,2.0
2018-09-15,81.7,79.8,0.036,11.2,6,0.0
2018-09-16,82.6,85.2,0.09,15.7,6,2.0
2018-09-17,77.2,95.8,1.226,11.2,4,1.0
2018-09-18,81.9,81.2,0.049,8.9,7,0.0
2018-09-19,84.9,79.6,0.001,13.3,8,1.0
2018-09-20,82.7,84.4,0.575,6.7,7,1.0
2018-09-21,77.5,88.8,0.115,11.2,3,1.0
2018-09-22,76.0,89.4,0.039,6.7,1,0.0
2018-09-23,77.1,85.9,0.003,8.9,2,1.0
2018-09-24,77.1,67.6,0.079,13.4,7,1.0
2018-09-25,73.7,61.2,0.0,13.4,6,0.0
2018-09-26,73.9,64.4,0.012,13.4,7,0.0
2018-09-27,73.7,72.7,0.128,15.5,8,1.0
2018-09-28,73.0,72.6,0.004,11.2,6,0.0
2018-09-29,75.0,66.1,0.004,17.9,6,0.0
2018-09-30,74.0,60.1,0.0,15.7,8,0.0
2018-10-01,71.0,56.2,0.0,15.7,8,1.0
2018-10-02,68.5,60.5,0.0,8.9,8,0.0
2018-10-03,68.6,64.7,0.0,11.1,7,0.0
2018-10-04,71.0,60.7,0.012,15.7,7,2.0
2018-10-05,68.6,79.0,1.248,24.6,2,0.0
2018-10-06,69.9,55.9,0.0,15.5,8,3.0
2018-10-07,68.9,71.7,0.0,8.9,6,0.0
2018-10-08,69.2,75.2,0.0,8.9,7,1.0
2018-10-09,69.6,77.0,0.051,6.7,6,0.0
2018-10-10,63.4,83.2,0.257,15.5,1,0.0
2018-10-11,62.2,62.8,0.057,11.2,6,0.0
2018-10-12,61.9,68.4,0.004,8.9,5,0.0
2018-10-13,64.2,70.8,0.012,8.9,6,1.0
2018-10-14,64.3,82.5,0.043,6.7,2,0.0
2018-10-15,63.4,85.9,0.063,6.7,1,0.0
2018-10-16,61.3,93.7,0.303,8.9,4,0.0
2018-10-17,63.2,76.1,0.031,8.9,5,0.0
2018-10-18,62.1,75.3,0.052,11.1,6,2.0
2018-10-19,61.0,66.4,0.0,8.9,7,4.0
2018-10-20,61.4,78.5,0.006,4.5,2,0.0
2018-10-21,61.9,89.9,0.092,4.5,2,0.0
2018-10-22,64.5,94.6,0.087,11.2,2,1.0
2018-10-23,66.0,78.4,0.007,11.2,5,2.0
2018-10-24,64.3,80.8,0.002,8.8,5,1.0
2018-10-25,66.6,78.2,0.063,13.4,6,1.0
2018-10-26,67.6,71.8,0.078,15.7,5,3.0
2018-10-27,60.5,50.7,0.0,8.9,8,1.0
2018-10-28,59.9,55.6,0.0,11.2,8,1.0
2018-10-29,63.4,56.4,0.0,11.2,7,1.0
2018-10-30,63.6,66.5,0.0,6.7,7,0.0
2018-10-31,62.4,72.8,0.008,8.9,5,1.0
2018-11-01,59.2,67.1,0.0,8.9,4,0.0
2018-11-02,61.2,70.8,0.012,6.7,4,1.0
2018-11-03,63.9,89.4,0.043,4.5,2,1.0
2018-11-04,66.2,82.9,0.002,8.9,6,1.0
2018-11-05,68.9,80.9,0.094,13.4,4,0.0
2018-11-06,66.8,89.1,0.133,11.2,5,1.0
2018-11-07,64.6,86.4,0.015,11.1,4,0.0
2018-11-08,57.4,87.0,0.024,15.7,1,0.0
2018-11-09,54.9,75.3,0.0,6.7,7,0.0
2018-11-10,58.0,78.7,0.028,11.2,6,0.0
2018-11-11,64.3,78.1,0.014,11.2,5,0.0
2018-11-12,58.9,89.4,0.336,11.2,1,0.0
2018-11-13,59.5,70.9,0.008,8.9,5,2.0
2018-11-14,57.6,77.0,0.0,6.7,4,1.0
2018-11-15,60.4,84.1,0.052,4.5,3,1.0
2018-11-16,58.6,87.3,0.077,15.5,3,0.0
2018-11-17,57.9,86.0,0.06,8.9,2,0.0
2018-11-18,56.2,96.1,0.404,11.1,1,0.0
2018-11-19,52.4,84.2,0.2,11.2,6,0.0
2018-11-20,54.9,84.3,0.01,6.7,4,2.0
2018-11-21,58.5,91.1,0.906,15.5,2,2.0
2018-11-22,54.4,69.5,0.049,15.7,4,0.0
2018-11-23,52.8,72.6,0.0,11.2,6,0.0
2018-11-24,56.2,72.9,0.0,6.7,6,0.0
2018-11-25,56.0,88.9,0.178,6.7,4,0.0
2018-11-26,59.3,90.6,0.132,13.3,4,0.0
2018-11-27,56.9,86.9,0.001,8.9,5,1.0
2018-11-28,53.4,89.0,0.0,6.7,5,0.0
2018-11-29,55.5,76.3,0.0,4.5,6,0.0
2018-11-30,57.9,77.3,0.0,13.4,5,0.0
2018-12-01,60.1,83.5,0.0,8.9,6,0.0
2018-12-02,63.9,91.4,0.266,11.2,4,0.0
2018-12-03,65.0,95.1,0.036,6.7,5,0.0
2018-12-04,60.1,92.9,0.214,13.4,2,2.0
2018-12-05,55.0,91.1,0.421,8.9,2,0.0
2018-12-06,53.5,90.9,0.355,13.4,1,1.0
2018-12-07,42.3,89.9,0.615,13.4,1,2.0
2018-12-08,36.2,89.6,0.71,13.4,1,0.0
2018-12-09,36.8,92.4,0.552,11.2,1,0.0
2018-12-10,42.6,98.0,0.76,4.5,0,1.0
2018-12-11,46.6,91.5,0.857,15.5,1,0.0
2018-12-12,41.2,76.2,0.007,17.9,5,0.0
2018-12-13,41.0,71.0,0.0,8.9,4,0.0
2018-12-14,42.6,71.8,0.001,6.7,3,0.0
2018-12-15,47.0,87.4,0.037,4.5,1,1.0
2018-12-16,45.5,81.4,0.376,13.4,4,1.0
2018-12-17,44.5,73.6,0.007,8.9,6,1.0
2018-12-18,47.2,69.9,0.0,6.7,6,3.0
2018-12-19,52.6,66.2,0.0,6.7,3,0.0
2018-12-20,52.6,91.1,0.425,6.7,1,1.0
2018-12-21,55.8,90.3,0.0,4.5,2,0.0
2018-12-22,56.9,94.5,0.097,8.9,2,0.0
2018-12-23,52.1,80.0,0.155,11.2,2,1.0
2018-12-24,49.5,74.3,0.034,8.9,4,0.0
2018-12-25,51.4,86.8,0.079,6.7,1,1.0
2018-12-26,51.4,97.4,0.189,13.3,1,0.0
2018-12-27,45.9,79.8,0.232,15.7,2,1.0
2018-12-28,38.3,63.6,0.008,13.4,4,0.0
2018-12-29,35.1,60.8,0.0,17.7,4,0.0
2018-12-30,35.5,71.1,0.017,11.1,2,0.0
2018-12-31,36.6,87.3,0.251,11.2,3,0.0
2019-01-01,39.4,75.9,0.0,9.2,2,0.0
2019-01-02,38.2,88.2,0.127,8.9,2,0.0
2019-01-03,43.4,89.5,0.036,4.5,2,0.0
2019-01-04,49.1,94.0,0.536,11.3,1,1.0
2019-01-05,45.8,90.8,0.216,11.2,1,1.0
2019-01-06,44.7,86.7,0.116,11.1,1,0.0
2019-01-07,45.7,94.0,0.085,6.7,1,0.0
2019-01-08,44.6,90.6,0.047,8.9,1,1.0
2019-01-09,42.0,93.8,0.14,7.1,1,1.0
2019-01-10,45.1,97.2,0.261,7.0,1,0.0
2019-01-11,47.2,96.9,0.964,6.7,1,2.0
2019-01-12,45.3,82.3,0.023,11.2,3,0.0
2019-01-13,43.8,67.5,0.0,8.9,4,1.0
2019-01-14,43.5,89.9,0.017,4.5,4,0.0
2019-01-15,45.1,95.1,0.272,11.2,1,0.0
2019-01-16,40.6,75.0,0.067,8.9,2,0.0
2019-01-17,40.3,74.3,0.015,11.2,7,0.0
2019-01-18,42.4,73.8,0.0,13.4,7,1.0
2019-01-19,48.2,76.6,0.0,11.2,6,0.0
2019-01-20,45.9,67.7,0.025,15.7,6,0.0
2019-01-21,40.6,59.0,0.0,8.9,5,1.0
2019-01-22,42.1,63.6,0.0,11.2,7,1.0
2019-01-23,43.1,64.3,0.0,6.7,7,0.0
2019-01-24,43.3,65.2,0.0,4.5,7,0.0
2019-01-25,44.2,71.6,0.0,11.2,6,0.0
2019-01-26,40.3,60.2,0.0,13.4,3,0.0
2019-01-27,41.1,70.6,0.0,11.1,7,1.0
2019-01-28,45.5,72.7,0.0,8.9,5,2.0
2019-01-29,48.8,72.4,0.0,6.7,3,0.0
2019-01-30,52.6,84.0,0.0,8.8,6,0.0
2019-01-31,46.0,83.2,0.039,22.4,2,0.0
2019-02-01,40.9,68.7,0.0,11.2,6,0.0
2019-02-02,52.4,75.6,0.0,17.9,6,0.0
2019-02-03,56.1,76.2,0.052,15.7,6,0.0
2019-02-04,47.6,71.0,0.013,11.2,3,0.0
2019-02-05,49.5,85.8,0.211,6.7,2,0.0
2019-02-06,55.0,86.7,0.049,13.4,7,1.0
2019-02-07,49.9,86.7,0.235,15.7,1,1.0
2019-02-08,39.5,89.4,0.039,11.2,1,1.0
2019-02-09,39.4,92.0,0.412,11.2,2,1.0
2019-02-10,38.4,96.6,0.234,8.9,1,0.0
2019-02-11,37.3,83.2,0.077,8.9,3,1.0
2019-02-12,41.2,96.6,0.033,6.7,1,0.0
2019-02-13,45.0,98.3,0.183,8.9,1,0.0
2019-02-14,45.0,99.1,0.221,8.9,1,0.0
2019-02-15,45.4,97.8,0.52,8.9,0,0.0
2019-02-16,39.0,94.7,0.766,8.9,1,0.0
2019-02-17,39.1,86.6,0.251,6.7,2,0.0
2019-02-18,42.7,98.9,0.385,6.7,1,0.0
2019-02-19,46.2,88.4,0.16,11.2,5,1.0
2019-02-20,43.8,97.0,0.622,8.9,1,2.0
2019-02-21,44.2,98.1,0.789,6.7,1,0.0
2019-02-22,42.7,91.2,0.232,11.2,2,1.0
2019-02-23,43.8,73.9,0.004,11.2,7,1.0
2019-02-24,45.5,72.1,0.031,6.7,7,1.0
2019-02-25,46.3,77.3,0.016,4.5,2,1.0
2019-02-26,47.3,82.2,0.138,13.4,6,0.0
2019-02-27,47.5,96.2,0.689,6.7,2,0.0
2019-02-28,47.2,85.7,0.0,6.7,4,0.0
2019-03-01,45.3,94.7,0.243,4.5,2,0.0
2019-03-02,47.0,97.5,0.779,6.7,1,0.0
2019-03-03,46.8,89.5,0.049,11.2,3,0.0
2019-03-04,50.3,65.5,0.004,13.4,8,0.0
2019-03-05,49.2,89.7,0.674,13.4,2,1.0
2019-03-06,52.7,83.4,0.047,11.2,2,0.0
2019-03-07,48.5,66.5,0.0,11.2,6,1.0
2019-03-08,46.4,74.3,0.001,13.3,7,2.0
2019-03-09,49.1,94.8,0.482,11.1,5,0.0
2019-03-10,54.0,73.1,0.034,15.7,4,0.0
2019-03-11,54.2,68.2,0.002,15.7,8,0.0
2019-03-12,56.7,55.1,0.0,17.9,9,0.0
2019-03-13,52.0,70.2,0.0,15.7,9,0.0
2019-03-14,47.9,91.6,0.795,13.4,2,0.0
2019-03-15,55.0,68.1,0.04,13.4,9,0.0
2019-03-16,57.3,58.1,0.0,11.2,8,0.0
2019-03-17,59.4,62.5,0.0,11.2,9,2.0
2019-03-18,54.1,88.1,0.183,8.9,1,1.0
2019-03-19,58.7,73.3,0.0,15.6,8,1.0
2019-03-20,67.3,73.8,0.012,26.5,8,0.0
2019-03-21,59.5,89.1,0.629,13.3,3,0.0
2019-03-22,48.4,78.1,0.226,11.2,3,0.0
2019-03-23,49.8,59.5,0.037,11.1,9,2.0
2019-03-24,50.2,67.1,0.043,15.7,9,0.0
2019-03-25,51.7,86.7,0.142,6.7,7,0.0
2019-03-26,57.3,71.0,0.0,11.2,9,1.0
2019-03-27,60.9,82.7,0.388,13.3,5,1.0
2019-03-28,59.8,89.1,0.392,8.9,5,0.0
2019-03-29,58.0,91.7,0.028,8.9,5,0.0
2019-03-30,59.1,79.0,0.0,13.4,9,0.0
2019-03-31,51.2,54.7,0.0,8.9,3,0.0
2019-04-01,51.9,59.5,0.0,11.1,10,0.0
2019-04-02,55.2,67.3,0.03,11.2,9,0.0
2019-04-03,54.9,87.7,0.4,4.7,1,0.0
2019-04-04,53.4,92.7,0.212,11.2,1,0.0
2019-04-05,62.1,69.5,0.049,11.2,9,1.0
2019-04-06,65.2,71.2,0.004,8.9,8,0.0
2019-04-07,71.5,58.1,0.0,8.9,9,0.0
2019-04-08,73.2,63.5,0.0,20.1,9,1.0
2019-04-09,74.1,76.7,0.34,17.9,9,1.0
2019-04-10,54.1,75.7,0.001,15.7,5,1.0
2019-04-11,52.0,84.1,0.154,6.7,1,0.0
2019-04-12,54.7,69.8,0.0,11.2,9,0.0
2019-04-13,61.4,68.1,0.007,13.4,7,0.0
2019-04-14,63.2,73.0,0.015,13.4,4,1.0
2019-04-15,59.1,60.0,0.0,11.2,10,0.0
2019-04-16,58.6,67.3,0.051,11.2,2,0.0
2019-04-17,63.8,72.6,0.0,11.1,9,1.0
2019-04-18,71.1,65.9,0.0,13.4,9,1.0
2019-04-19,73.4,76.0,0.0,15.7,7,1.0
2019-04-20,69.2,90.9,0.094,11.2,5,2.0
2019-04-21,72.2,87.6,0.692,13.4,4,1.0
2019-04-22,73.6,87.2,0.051,8.8,6,2.0
2019-04-23,75.5,84.5,0.03,11.2,7,1.0
2019-04-24,74.9,83.2,0.018,6.7,4,0.0
2019-04-25,69.9,88.9,0.056,8.9,2,0.0
2019-04-26,61.0,85.0,0.016,11.2,4,0.0
2019-04-27,60.7,60.4,0.0,15.7,9,0.0
2019-04-28,62.8,88.2,0.295,11.2,5,0.0
2019-04-29,67.4,86.1,0.233,13.3,7,0.0
2019-04-30,60.6,94.1,0.962,6.8,1,0.0
2019-05-01,65.9,70.4,0.024,13.4,7,1.0
2019-05-02,63.9,58.9,0.0,8.9,9,0.0
2019-05-03,65.2,48.9,0.0,13.4,10,0.0
2019-05-04,66.6,45.5,0.0,15.7,10,0.0
2019-05-05,66.8,61.0,0.0,11.2,10,2.0
2019-05-06,63.9,66.0,0.0,13.4,9,1.0
2019-05-07,62.1,45.3,0.0,13.4,10,1.0
2019-05-08,63.6,59.2,0.0,11.2,4,0.0
2019-05-09,67.8,61.2,0.0,11.2,10,2.0
2019-05-10,69.9,67.3,0.016,11.2,7,0.0
2019-05-11,71.6,63.9,0.0,13.4,10,0.0
2019-05-12,71.9,63.8,0.0,13.4,10,0.0
2019-05-13,65.5,84.9,0.971,11.1,1,0.0
2019-05-14,65.5,87.1,0.021,8.9,5,0.0
2019-05-15,65.7,94.9,0.81,9.0,5,1.0
2019-05-16,71.9,85.7,0.084,9.2,4,0.0
2019-05-17,74.1,88.1,0.224,6.7,7,1.0
2019-05-18,75.9,79.9,0.012,9.0,7,0.0
2019-05-19,72.6,87.0,0.209,8.9,5,4.0
2019-05-20,69.8,65.3,0.083,15.7,9,3.0
2019-05-21,69.3,50.7,0.0,6.9,10,1.0
2019-05-22,75.0,50.2,0.0,11.2,10,2.0
2019-05-23,77.0,56.2,0.0,11.2,10,0.0
2019-05-24,76.5,52.5,0.0,20.1,10,1.0
2019-05-25,77.7,66.8,0.0,22.4,7,1.0
2019-05-26,75.5,82.8,0.393,15.7,4,2.0
2019-05-27,76.7,80.6,0.515,17.9,4,0.0
2019-05-28,69.0,57.7,0.0,11.1,8,0.0
2019-05-29,67.6,54.0,0.004,8.9,7,0.0
2019-05-30,72.2,59.8,0.002,14.7,9,0.0
2019-05-31,69.6,84.0,0.17,8.9,4,0.0
2019-06-01,69.2,82.9,0.059,6.7,4,0.0
2019-06-02,69.8,88.5,0.261,6.8,6,0.0
2019-06-03,74.4,84.1,0.008,11.2,8,0.0
2019-06-04,80.0,75.7,0.012,11.1,8,0.0
2019-06-05,80.9,76.5,0.0,13.4,10,2.0
2019-06-06,84.8,69.1,0.007,20.1,5,2.0
2019-06-07,73.6,78.5,0.246,13.4,4,3.0
2019-06-08,74.1,85.2,0.019,13.4,7,1.0
2019-06-09,76.5,84.9,0.009,11.2,4,2.0
2019-06-10,80.0,77.8,0.004,8.9,9,1.0
2019-06-11,76.5,72.2,0.008,11.2,9,2.0
2019-06-12,70.5,78.7,0.008,13.3,7,0.0
2019-06-13,68.2,87.4,0.61,11.1,4,1.0
2019-06-14,69.3,83.0,0.18,11.2,5,0.0
2019-06-15,76.2,69.2,0.0,8.9,10,0.0
2019-06-16,79.3,65.8,0.0,13.4,8,1.0
2019-06-17,75.9,76.3,0.104,11.2,5,1.0
2019-06-18,75.7,96.1,1.356,11.2,2,0.0
2019-06-19,74.1,93.0,0.808,11.2,4,2.0
2019-06-20,73.2,96.1,0.452,8.9,2,0.0
2019-06-21,74.0,97.3,1.841,6.7,1,2.0
2019-06-22,74.2,87.5,0.028,8.9,5,0.0
2019-06-23,74.7,76.3,0.02,8.9,7,2.0
2019-06-24,74.1,76.9,0.0,13.4,9,2.0
2019-06-25,71.7,91.6,0.541,11.2,3,2.0
2019-06-26,72.9,94.1,0.948,6.9,4,14.0
2019-06-27,79.4,81.9,0.017,8.9,7,3.0
2019-06-28,85.6,77.0,0.047,11.2,8,0.0
2019-06-29,88.3,76.2,0.025,11.2,6,0.0
2019-06-30,80.9,89.2,0.134,11.2,3,0.0
2019-07-01,78.6,87.0,0.007,8.9,2,2.0
2019-07-02,77.2,87.5,0.014,6.7,4,1.0
2019-07-03,76.1,93.5,0.737,8.9,5,0.0
2019-07-04,75.6,91.2,0.482,8.9,2,2.0
2019-07-05,75.5,89.5,0.306,4.5,5,3.0
2019-07-06,79.7,85.5,0.113,13.4,6,1.0
2019-07-07,81.3,83.1,0.002,11.2,8,1.0
2019-07-08,77.9,80.4,0.207,11.2,3,2.0
2019-07-09,73.0,96.8,1.258,6.7,1,0.0
2019-07-10,74.6,90.5,0.308,11.1,3,0.0
2019-07-11,78.2,84.6,0.095,11.1,6,1.0
2019-07-12,80.5,85.5,0.359,11.2,6,0.0
2019-07-13,75.1,96.6,2.072,11.2,3,0.0
2019-07-14,74.8,92.1,0.508,6.7,5,1.0
2019-07-15,77.6,88.5,0.212,8.9,4,1.0
2019-07-16,80.0,89.3,0.198,6.7,6,1.0
2019-07-17,84.1,81.3,0.004,15.5,7,1.0
2019-07-18,84.3,82.2,0.005,11.2,8,2.0
2019-07-19,81.5,90.6,0.058,17.9,6,1.0
2019-07-20,84.3,82.6,0.072,11.2,7,2.0
2019-07-21,83.1,89.3,0.603,8.9,7,1.0
2019-07-22,87.2,79.4,0.008,15.5,8,2.0
2019-07-23,88.2,73.1,0.004,13.4,8,0.0
2019-07-24,88.1,71.9,0.071,11.2,9,0.0
2019-07-25,89.1,73.2,0.071,11.1,8,0.0
2019-07-26,91.4,69.5,0.0,11.2,8,0.0
2019-07-27,88.3,76.0,0.769,24.5,8,6.0
2019-07-28,89.0,70.4,0.0,17.9,9,0.0
2019-07-29,89.1,70.5,0.0,15.7,9,1.0
2019-07-30,89.9,66.4,0.0,15.7,9,0.0
2019-07-31,88.5,66.3,0.0,15.7,8,1.0
2019-08-01,88.5,69.5,0.036,17.9,8,1.0
2019-08-02,86.1,73.2,0.005,20.0,8,0.0
2019-08-03,82.8,81.5,0.499,9.0,6,2.0
2019-08-04,78.3,95.2,3.273,9.1,4,3.0
2019-08-05,83.6,84.5,0.03,13.5,8,0.0
2019-08-06,84.8,77.2,0.0,9.0,8,0.0
2019-08-07,84.7,77.1,0.074,13.4,7,0.0
2019-08-08,85.1,84.4,0.497,11.1,7,0.0
2019-08-09,81.0,91.9,3.016,18.1,2,1.0
2019-08-10,80.4,93.0,5.549,24.4,2,0.0
2019-08-11,88.1,72.1,0.634,13.4,9,0.0
2019-08-12,86.7,74.5,0.04,11.2,8,2.0
2019-08-13,85.8,75.2,0.207,15.7,9,1.0
2019-08-14,87.0,74.7,0.074,11.1,8,1.0
2019-08-15,85.6,71.7,0.012,13.4,8,2.0
2019-08-16,85.6,72.0,0.032,8.9,8,0.0
2019-08-17,87.6,67.1,0.0,8.9,9,0.0
2019-08-18,83.6,75.3,0.0,11.2,9,1.0
2019-08-19,82.2,80.0,0.004,11.2,8,5.0
2019-08-20,84.0,72.3,0.02,8.9,8,0.0
2019-08-21,83.4,69.6,0.012,11.1,8,3.0
2019-08-22,83.0,81.8,0.166,13.4,7,1.0
2019-08-23,84.4,84.4,0.012,11.2,8,1.0
2019-08-24,85.2,81.7,0.04,15.7,7,0.0
2019-08-25,83.5,86.7,0.423,15.7,7,1.0
2019-08-26,87.6,77.8,0.811,13.4,8,3.0
2019-08-27,89.4,73.2,0.012,13.4,9,1.0
2019-08-28,85.6,82.0,0.044,11.2,8,1.0
2019-08-29,75.4,86.5,0.033,11.2,3,0.0
2019-08-30,75.4,81.7,0.126,6.8,7,0.0
2019-08-31,75.7,88.1,0.216,8.9,6,0.0
2019-09-01,73.1,94.6,0.046,9.0,2,1.0
2019-09-02,74.7,96.4,2.294,8.9,4,1.0
2019-09-03,78.1,86.8,0.385,6.7,5,0.0
2019-09-04,77.6,94.5,0.43,8.9,6,1.0
2019-09-05,80.3,88.4,0.066,13.4,6,0.0
2019-09-06,80.2,85.2,0.725,16.0,5,2.0
2019-09-07,82.2,74.3,0.002,8.9,7,2.0
2019-09-08,79.3,77.2,0.0,9.1,8,1.0
2019-09-09,80.3,76.1,0.0,7.0,9,1.0
2019-09-10,83.5,77.8,0.012,11.2,8,2.0
2019-09-11,83.7,78.1,0.004,11.2,8,1.0
2019-09-12,82.7,78.3,0.0,11.2,8,1.0
2019-09-13,81.1,76.9,0.004,8.9,7,3.0
2019-09-14,81.4,73.7,0.012,11.1,7,2.0
2019-09-15,79.9,78.7,0.008,11.2,6,0.0
2019-09-16,77.9,67.0,0.0,13.4,7,1.0
2019-09-17,78.5,70.5,0.028,11.3,6,2.0
2019-09-18,79.3,63.1,0.0,15.7,7,1.0
2019-09-19,75.1,62.0,0.0,13.4,7,0.0
2019-09-20,74.5,64.8,0.0,13.4,7,0.0
2019-09-21,69.7,88.4,2.356,17.9,1,1.0
2019-09-22,69.4,82.9,0.779,20.1,4,0.0
2019-09-23,73.3,66.7,0.005,13.4,8,0.0
2019-09-24,71.7,69.6,0.0,9.0,8,0.0
2019-09-25,71.6,70.0,0.0,6.7,9,0.0
2019-09-26,72.1,68.7,0.0,8.9,8,2.0
2019-09-27,72.2,73.8,0.0,8.9,8,1.0
2019-09-28,74.4,71.4,0.008,9.0,8,0.0
2019-09-29,74.4,74.8,0.0,11.1,8,0.0
2019-09-30,74.0,80.8,0.084,6.7,7,0.0
2019-10-01,72.8,94.4,8.465,29.1,1,0.0
2019-10-02,76.3,80.2,1.674,26.8,5,0.0
2019-10-03,77.4,79.8,0.008,8.9,7,1.0
2019-10-04,79.5,79.8,0.02,6.7,7,1.0
2019-10-05,76.0,80.0,0.087,13.4,4,0.0
2019-10-06,71.9,75.6,0.004,9.3,5,0.0
2019-10-07,71.6,80.7,0.004,13.3,7,0.0
2019-10-08,67.8,75.1,0.04,11.1,3,2.0
2019-10-09,69.6,75.9,0.007,6.7,5,5.0
2019-10-10,73.0,73.8,0.0,8.9,8,3.0
2019-10-11,75.9,75.0,0.0,9.1,7,1.0
2019-10-12,71.9,82.1,0.001,9.1,3,0.0
2019-10-13,70.0,84.3,0.007,7.2,4,0.0
2019-10-14,69.7,81.3,0.011,13.4,7,1.0
2019-10-15,65.5,61.6,0.016,13.5,4,3.0
2019-10-16,64.2,66.7,0.008,11.2,4,3.0
2019-10-17,67.4,72.6,0.076,11.3,3,2.0
2019-10-18,66.3,67.2,0.0,13.3,6,1.0
2019-10-19,64.7,72.0,0.0,11.2,7,0.0
2019-10-20,64.1,74.5,0.0,8.9,6,0.0
2019-10-21,63.4,75.7,0.0,8.9,7,1.0
2019-10-22,64.6,76.5,0.0,8.9,6,0.0
2019-10-23,69.0,70.1,0.048,11.2,5,1.0
2019-10-24,67.4,71.2,0.0,11.1,7,0.0
2019-10-25,66.6,68.7,0.0,11.2,7,2.0
2019-10-26,64.1,84.0,0.021,10.1,3,0.0
2019-10-27,58.6,88.9,0.228,6.8,1,0.0
2019-10-28,59.6,93.9,0.197,4.5,1,0.0
2019-10-29,61.2,75.3,0.0,11.2,7,0.0
2019-10-30,61.2,68.8,0.0,4.5,7,0.0
2019-10-31,62.3,67.0,0.0,4.6,7,0.0
2019-11-01,62.5,75.0,0.0,6.9,6,0.0
2019-11-02,63.7,76.8,0.0,6.7,6,1.0
2019-11-03,61.9,87.5,0.021,6.7,3,1.0
2019-11-04,63.7,76.8,0.016,13.4,5,1.0
2019-11-05,61.0,67.9,0.0,8.9,6,1.0
2019-11-06,61.0,78.3,0.012,6.7,5,0.0
2019-11-07,62.8,77.3,0.021,8.9,1,1.0
2019-11-08,60.4,65.8,0.093,11.2,6,0.0
2019-11-09,56.2,67.6,0.0,8.9,6,0.0
2019-11-10,58.2,64.7,0.0,8.9,7,0.0
2019-11-11,59.3,60.9,0.0,6.7,7,2.0
2019-11-12,59.5,71.4,0.006,8.9,5,1.0
2019-11-13,64.0,69.9,0.02,13.4,5,0.0
2019-11-14,58.5,50.6,0.001,11.2,6,1.0
2019-11-15,57.6,65.8,0.0,13.4,7,1.0
2019-11-16,63.2,69.0,0.0,13.4,6,1.0
2019-11-17,70.4,70.7,0.0,13.4,6,1.0
2019-11-18,55.7,72.5,0.054,20.1,5,1.0
2019-11-19,51.5,53.2,0.0,11.2,4,1.0
2019-11-20,55.6,62.6,0.0,8.9,2,0.0
2019-11-21,58.9,74.1,0.012,6.7,3,1.0
2019-11-22,61.3,84.5,0.015,6.9,2,0.0
2019-11-23,64.1,96.7,0.101,4.5,2,0.0
2019-11-24,66.6,86.9,0.081,13.4,4,0.0
2019-11-25,51.1,81.5,0.277,11.3,1,0.0
2019-11-26,50.2,76.2,0.0,8.9,4,0.0
2019-11-27,51.6,87.0,0.301,11.2,1,1.0
2019-11-28,50.1,70.8,0.091,13.4,4,0.0
2019-11-29,50.0,72.0,0.0,11.2,3,0.0
2019-11-30,52.7,85.0,0.144,4.5,1,0.0
2019-12-01,50.4,86.3,1.099,20.1,3,1.0
2019-12-02,46.2,60.2,0.007,17.9,6,1.0
2019-12-03,43.1,69.0,0.0,8.9,6,1.0
2019-12-04,44.2,64.1,0.0,11.3,5,0.0
2019-12-05,44.8,75.7,0.0,8.9,4,3.0
2019-12-06,47.0,72.4,0.045,11.3,2,1.0
2019-12-07,42.0,67.1,0.0,11.2,5,2.0
2019-12-08,42.3,70.7,0.0,6.7,6,1.0
2019-12-09,46.9,66.9,0.0,6.7,6,0.0
2019-12-10,51.1,69.9,0.0,4.5,6,0.0
2019-12-11,50.4,62.3,0.0,15.7,6,0.0
2019-12-12,48.0,73.3,0.0,6.9,6,1.0
2019-12-13,50.4,74.8,0.0,8.9,6,0.0
2019-12-14,51.4,79.3,0.0,9.0,6,0.0
2019-12-15,55.2,81.5,0.0,13.5,4,1.0
2019-12-16,61.9,81.3,0.0,13.4,6,0.0
2019-12-17,59.3,82.0,0.005,11.2,5,0.0
2019-12-18,49.2,87.7,0.019,9.0,1,0.0
2019-12-19,43.0,88.6,0.464,11.1,1,0.0
2019-12-20,45.6,87.3,0.305,8.9,1,2.0
2019-12-21,49.1,98.1,1.076,6.7,0,3.0
2019-12-22,50.7,91.9,0.538,8.9,1,0.0
2019-12-23,50.5,92.5,0.198,6.6,2,3.0
2019-12-24,52.6,96.2,0.287,4.6,1,2.0
2019-12-25,56.1,93.5,0.025,6.7,2,2.0
2019-12-26,51.7,78.5,0.036,22.4,2,2.0
2019-12-27,41.8,70.4,0.0,13.4,6,4.0
2019-12-28,45.6,76.8,0.0,13.3,6,1.0
2019-12-29,59.0,72.4,0.005,8.9,3,2.0
2019-12-30,53.9,70.8,0.005,8.9,4,2.0
2019-12-31,42.7,59.8,0.001,15.7,4,0.0
2020-01-01,43.5,70.2,0.0,6.7,6,3.0
2020-01-02,50.6,80.1,0.015,6.7,1,2.0
2020-01-03,51.4,86.9,0.104,6.7,1,1.0
2020-01-04,50.8,94.9,0.046,6.7,1,1.0
2020-01-05,55.0,87.1,0.0,8.9,3,1.0
2020-01-06,65.2,79.6,0.0,15.7,5,15.0
2020-01-07,61.2,80.5,0.002,22.2,5,2.0
2020-01-08,44.1,66.7,0.0,17.9,5,2.0
2020-01-09,44.4,77.9,0.045,6.7,3,2.0
2020-01-10,48.3,96.2,0.562,2.3,0,1.0
2020-01-11,47.1,95.6,0.385,11.2,1,0.0
2020-01-12,42.7,76.1,0.072,13.4,5,0.0
2020-01-13,41.7,76.4,0.0,6.7,5,0.0
2020-01-14,44.7,69.6,0.004,11.2,4,0.0
2020-01-15,41.4,90.4,0.288,6.7,1,3.0
2020-01-16,46.6,97.3,0.56,8.9,1,0.0
2020-01-17,43.0,85.9,0.064,11.2,3,1.0
2020-01-18,40.8,73.2,0.0,9.0,3,2.0
2020-01-19,41.8,73.1,0.008,8.9,5,0.0
2020-01-20,42.5,74.0,0.0,11.2,6,1.0
2020-01-21,46.0,75.3,0.012,13.4,5,2.0
2020-01-22,52.3,81.7,0.228,11.2,6,1.0
2020-01-23,49.8,90.3,0.029,9.1,2,2.0
2020-01-24,48.7,95.4,0.532,8.9,1,1.0
2020-01-25,46.6,94.5,0.993,11.0,1,0.0
2020-01-26,48.0,95.1,1.431,13.4,0,0.0
2020-01-27,43.3,86.6,0.22,15.7,3,1.0
2020-01-28,42.8,76.2,0.002,13.4,6,0.0
2020-01-29,43.7,59.9,0.0,19.9,6,1.0
2020-01-30,44.4,58.9,0.0,22.4,5,0.0
2020-01-31,41.8,56.9,0.0,13.4,7,0.0
2020-02-01,41.7,65.2,0.0,8.9,7,0.0
2020-02-02,47.5,70.5,0.028,8.9,7,0.0
2020-02-03,49.0,79.0,0.027,11.3,5,0.0
2020-02-04,47.6,83.6,0.02,4.7,2,0.0
2020-02-05,47.5,73.3,0.0,11.2,6,1.0
2020-02-06,44.4,77.4,1.276,11.2,1,0.0
2020-02-07,44.2,91.9,0.285,6.8,1,0.0
2020-02-08,44.3,81.3,0.0,8.9,4,0.0
2020-02-09,45.6,73.3,0.0,8.9,7,1.0
2020-02-10,47.9,62.0,0.001,15.7,7,0.0
2020-02-11,49.9,95.7,0.702,6.7,1,0.0
2020-02-12,55.2,92.7,0.488,8.9,3,1.0
2020-02-13,56.3,95.3,0.178,8.9,4,1.0
2020-02-14,59.5,92.9,0.091,11.2,5,0.0
2020-02-15,52.4,92.1,0.406,17.9,4,0.0
2020-02-16,37.8,65.5,0.083,20.1,5,0.0
2020-02-17,42.3,42.9,0.0,22.4,8,0.0
2020-02-18,41.2,56.3,0.0,11.2,8,0.0
2020-02-19,44.3,66.5,0.0,8.9,7,0.0
2020-02-20,50.8,71.6,0.0,11.2,8,0.0
2020-02-21,55.0,66.5,0.003,11.2,8,0.0
2020-02-22,56.0,55.9,0.006,11.2,8,0.0
2020-02-23,50.8,72.4,0.0,13.4,8,0.0
2020-02-24,61.5,66.8,0.0,15.7,7,0.0
2020-02-25,69.3,66.7,0.004,13.4,7,0.0
2020-02-26,51.0,86.8,0.204,9.0,2,0.0
2020-02-27,50.4,76.1,0.0,9.1,5,0.0
2020-02-28,54.4,77.4,0.0,13.4,4,1.0
2020-02-29,52.1,87.3,0.077,6.7,5,1.0
2020-03-01,50.7,91.2,0.664,11.2,2,0.0
2020-03-02,49.2,75.3,0.033,8.9,4,1.0
2020-03-03,48.0,85.1,0.178,6.7,2,2.0
2020-03-04,47.7,79.0,0.15,6.7,3,2.0
2020-03-05,46.5,57.9,0.0,8.9,8,1.0
2020-03-06,48.7,74.1,0.108,13.4,8,0.0
2020-03-07,55.9,82.8,0.037,11.2,5,2.0
2020-03-08,54.0,84.1,0.008,11.2,2,3.0
2020-03-09,57.1,87.7,0.817,17.9,3,0.0
2020-03-10,53.0,76.5,0.047,15.7,4,1.0
2020-03-11,51.9,70.6,0.001,8.9,8,1.0
2020-03-12,53.8,78.4,0.107,11.2,3,0.0
2020-03-13,53.8,90.1,0.113,8.9,3,0.0
2020-03-14,51.5,67.3,0.007,11.0,8,0.0
2020-03-15,54.1,56.4,0.0,11.2,9,2.0
2020-03-16,55.2,56.3,0.001,11.2,9,1.0
2020-03-17,59.4,63.2,0.0,9.0,5,0.0
2020-03-18,62.5,64.9,0.0,13.4,9,0.0
2020-03-19,59.6,63.7,0.0,17.8,8,0.0
2020-03-20,57.6,55.5,0.0,15.7,9,0.0
2020-03-21,65.6,69.0,0.353,13.4,8,0.0
2020-03-22,62.3,88.9,0.347,8.9,2,0.0
2020-03-23,57.0,67.1,0.0,8.9,6,1.0
2020-03-24,58.5,61.7,0.0,11.3,7,0.0
2020-03-25,64.3,70.3,0.02,20.1,6,0.0
2020-03-26,71.1,81.4,0.334,11.2,6,0.0
2020-03-27,56.9,86.2,0.305,13.4,3,0.0
2020-03-28,44.7,89.2,0.649,13.4,3,0.0
2020-03-29,46.7,84.1,0.538,8.9,4,0.0
2020-03-30,49.3,94.2,0.447,6.7,1,0.0
2020-03-31,52.5,94.5,0.085,6.7,2,0.0
2020-04-01,54.9,74.5,0.012,13.3,7,0.0
2020-04-02,54.1,75.3,0.004,8.9,8,0.0
2020-04-03,54.9,74.4,0.02,6.7,6,1.0
2020-04-04,54.8,64.0,0.0,11.2,7,0.0
2020-04-05,52.5,67.7,0.0,8.9,8,0.0
2020-04-06,51.4,73.1,0.0,6.7,6,1.0
2020-04-07,55.6,58.7,0.0,8.9,10,1.0
2020-04-08,57.2,42.1,0.0,13.4,10,0.0
2020-04-09,59.5,54.3,0.0,15.5,10,0.0
2020-04-10,62.1,73.0,0.0,13.4,9,1.0
2020-04-11,57.3,90.5,0.678,13.4,2,0.0
2020-04-12,55.9,58.7,0.125,24.3,9,1.0
2020-04-13,57.3,47.6,0.0,17.9,10,0.0
2020-04-14,57.2,55.6,0.012,6.8,8,0.0
2020-04-15,64.5,54.6,0.0,11.2,8,0.0
2020-04-16,67.7,58.4,0.0,15.7,9,0.0
2020-04-17,72.7,56.1,0.0,13.4,9,0.0
2020-04-18,64.9,60.9,0.017,15.5,9,0.0
2020-04-19,60.7,81.0,0.489,17.8,6,2.0
2020-04-20,62.2,71.0,0.103,13.4,9,1.0
2020-04-21,56.5,81.9,0.494,8.9,2,0.0
2020-04-22,58.8,70.4,0.045,6.7,9,1.0
2020-04-23,60.2,57.1,0.001,8.9,8,1.0
2020-04-24,63.5,49.6,0.0,9.4,9,1.0
2020-04-25,67.3,48.7,0.0,15.7,9,0.0
2020-04-26,67.0,61.2,0.0,8.9,9,1.0
2020-04-27,62.0,74.6,0.06,11.2,8,1.0
2020-04-28,59.7,59.9,0.004,17.8,10,0.0
2020-04-29,68.0,64.3,0.0,13.5,10,0.0
2020-04-30,75.2,66.6,0.0,15.7,8,0.0
2020-05-01,73.6,77.9,0.009,13.5,6,0.0
2020-05-02,73.9,77.1,0.188,17.9,7,0.0
2020-05-03,82.2,60.9,0.0,8.9,10,0.0
2020-05-04,79.5,68.0,0.0,11.2,9,0.0
2020-05-05,70.7,89.6,2.071,13.7,2,0.0
2020-05-06,68.1,84.0,0.106,11.3,6,2.0
2020-05-07,68.6,86.2,0.0,11.3,6,1.0
2020-05-08,75.0,83.2,0.09,22.4,6,0.0
2020-05-09,73.2,85.3,0.181,9.0,5,0.0
2020-05-10,67.2,89.7,0.092,9.0,3,0.0
2020-05-11,70.6,76.1,0.0,6.8,8,2.0
2020-05-12,74.4,48.2,0.0,13.2,10,2.0
2020-05-13,71.1,57.1,0.0,13.4,10,0.0
2020-05-14,73.7,66.9,0.051,24.4,8,0.0
2020-05-15,78.9,77.5,0.355,20.1,9,0.0
2020-05-16,76.9,82.8,0.057,8.9,6,0.0
2020-05-17,77.9,81.7,0.073,13.3,5,0.0
2020-05-18,78.2,68.6,0.012,15.8,8,3.0
2020-05-19,72.9,55.2,0.0,13.4,10,1.0
2020-05-20,74.7,56.8,0.0,15.6,10,1.0
2020-05-21,69.4,83.4,0.211,13.4,4,5.0
2020-05-22,68.1,82.9,0.04,8.9,3,1.0
2020-05-23,71.7,81.2,0.012,11.2,5,2.0
2020-05-24,77.4,72.5,0.0,11.2,9,2.0
2020-05-25,75.9,77.1,0.025,9.0,7,2.0
2020-05-26,69.2,91.6,1.133,11.2,2,1.0
2020-05-27,72.6,76.0,0.009,8.9,10,1.0
2020-05-28,76.0,70.3,0.0,6.8,7,1.0
2020-05-29,73.0,79.5,0.247,11.3,3,0.0
2020-05-30,67.5,93.6,1.026,11.2,2,1.0
2020-05-31,75.8,77.3,0.0,6.7,8,0.0
2020-06-01,77.1,74.7,0.122,13.4,7,2.0
2020-06-02,79.3,72.4,0.303,11.2,5,2.0
2020-06-03,76.8,92.3,1.613,11.2,2,0.0
2020-06-04,77.5,91.2,0.171,6.9,3,0.0
2020-06-05,78.8,88.1,0.353,8.9,5,0.0
2020-06-06,73.3,89.3,0.304,8.9,4,0.0
2020-06-07,74.1,80.4,0.004,15.8,6,1.0
2020-06-08,76.6,82.6,0.032,15.7,5,2.0
2020-06-09,80.0,81.3,0.022,9.2,6,0.0
2020-06-10,80.1,87.4,0.329,8.9,5,4.0
2020-06-11,81.5,87.2,0.093,6.7,5,0.0
2020-06-12,87.3,75.2,0.051,13.4,9,1.0
2020-06-13,87.8,72.6,0.0,13.3,9,4.0
2020-06-14,86.9,75.0,0.13,13.4,9,0.0
2020-06-15,82.2,86.5,0.026,11.2,6,6.0
2020-06-16,81.2,90.1,0.02,8.9,3,4.0
2020-06-17,88.4,72.6,0.028,13.3,8,2.0
2020-06-18,87.8,66.9,0.055,15.6,9,0.0
2020-06-19,71.5,93.8,1.87,6.8,2,1.0
2020-06-20,68.5,96.7,1.73,6.7,1,0.0
2020-06-21,70.0,99.7,2.136,6.7,1,1.0
2020-06-22,74.1,97.8,0.887,9.0,2,2.0
2020-06-23,80.3,86.5,0.075,11.3,4,0.0
2020-06-24,81.5,83.4,0.05,9.1,6,3.0
2020-06-25,77.4,92.2,0.298,8.9,2,1.0
2020-06-26,81.5,85.9,0.152,11.1,9,2.0
2020-06-27,80.9,86.3,0.257,13.4,3,1.0
2020-06-28,83.3,83.4,0.03,11.1,7,1.0
2020-06-29,82.3,84.7,0.294,15.5,4,3.0
2020-06-30,77.9,85.1,2.28,9.1,6,4.0
2020-07-01,77.5,83.5,0.036,11.2,8,1.0
2020-07-02,77.1,88.8,0.583,11.2,3,1.0
2020-07-03,79.8,89.1,0.65,11.2,5,0.0
2020-07-04,76.1,95.8,0.426,6.7,2,1.0
2020-07-05,79.3,92.8,0.655,9.0,3,0.0
2020-07-06,81.5,90.4,0.028,9.0,4,5.0
2020-07-07,81.0,89.9,0.435,9.0,4,5.0
2020-07-08,80.0,91.1,0.501,9.0,3,0.0
2020-07-09,79.9,93.1,0.06,9.1,4,0.0
2020-07-10,80.0,93.7,1.01,6.9,5,1.0
2020-07-11,85.1,83.3,0.002,8.9,7,0.0
2020-07-12,88.3,76.8,0.0,13.3,9,3.0
2020-07-13,86.9,75.2,0.02,11.3,8,3.0
2020-07-14,79.1,82.1,0.344,6.7,5,4.0
2020-07-15,76.8,90.4,0.122,11.1,3,0.0
2020-07-16,74.3,95.4,0.26,6.7,3,1.0
2020-07-17,77.5,89.5,0.0,8.9,6,1.0
2020-07-18,86.5,78.6,0.036,11.2,8,1.0
2020-07-19,89.6,74.2,0.0,13.4,9,2.0
2020-07-20,84.4,77.9,0.072,9.1,6,4.0
2020-07-21,85.2,78.1,0.019,9.1,8,1.0
2020-07-22,88.6,72.7,0.055,13.3,9,0.0
2020-07-23,90.7,65.1,0.0,13.4,9,3.0
2020-07-24,77.7,82.3,0.36,13.4,7,0.0
2020-07-25,76.7,85.5,0.014,8.9,3,1.0
2020-07-26,79.2,86.7,0.036,9.1,6,2.0
2020-07-27,82.5,82.1,0.031,13.3,5,6.0
2020-07-28,83.6,83.1,0.09,17.8,9,2.0
2020-07-29,86.5,74.2,0.004,15.6,8,6.0
2020-07-30,86.6,74.8,0.004,13.4,9,7.0
2020-07-31,86.2,76.1,0.002,17.9,7,4.0
2020-08-01,87.9,72.1,0.002,17.9,8,1.0
2020-08-02,88.3,66.9,0.0,20.1,9,3.0
2020-08-03,85.2,76.3,0.088,24.6,8,0.0
2020-08-04,81.5,84.6,1.816,26.8,6,2.0
2020-08-05,83.1,82.8,0.611,13.4,4,0.0
2020-08-06,87.9,72.6,0.02,13.4,7,2.0
2020-08-07,88.0,72.0,0.022,13.3,6,3.0
2020-08-08,87.0,71.5,0.001,13.4,3,6.0
2020-08-09,88.2,72.8,0.0,13.4,7,1.0
2020-08-10,87.6,75.2,0.001,13.4,8,1.0
2020-08-11,86.4,73.0,0.007,13.4,7,1.0
2020-08-12,89.3,62.1,0.0,17.9,9,2.0
2020-08-13,90.2,65.0,0.0,15.7,9,3.0
2020-08-14,90.3,64.2,0.0,11.2,9,3.0
2020-08-15,88.7,64.8,0.0,15.7,9,4.0
2020-08-16,88.8,63.6,0.0,15.7,9,0.0
2020-08-17,88.0,65.6,0.004,15.7,9,3.0
2020-08-18,87.3,68.3,0.0,15.7,9,6.0
2020-08-19,87.8,67.3,0.0,15.6,8,2.0
2020-08-20,87.3,67.3,0.0,13.3,9,2.0
2020-08-21,86.4,72.6,0.024,15.7,7,4.0
2020-08-22,86.4,73.2,0.036,15.5,7,2.0
2020-08-23,86.0,70.0,0.004,11.2,8,5.0
2020-08-24,86.1,66.0,0.0,11.2,9,0.0
2020-08-25,87.3,69.6,0.015,15.7,9,2.0
2020-08-26,86.5,72.1,0.051,22.4,8,2.0
2020-08-27,81.7,84.6,0.405,15.7,7,5.0
2020-08-28,81.2,88.2,0.327,15.7,3,9.0
2020-08-29,79.6,90.1,0.058,6.7,4,0.0
2020-08-30,84.2,81.5,0.008,13.4,8,26.0
2020-08-31,84.9,78.3,0.007,11.2,8,36.0
2020-09-01,84.4,78.4,0.105,13.4,6,1.0
2020-09-02,84.6,71.3,0.347,17.9,8,3.0
2020-09-03,82.3,60.9,0.0,11.3,8,6.0
2020-09-04,79.8,62.5,0.0,11.2,8,5.0
2020-09-05,80.3,58.5,0.0,9.1,9,6.0
2020-09-06,77.7,66.2,0.008,15.7,7,1.0
2020-09-07,81.9,57.0,0.0,15.6,8,1.0
2020-09-08,79.7,62.8,0.0,20.0,8,6.0
2020-09-09,80.5,66.7,0.0,8.9,8,3.0
2020-09-10,81.0,72.2,0.035,13.3,8,3.0
2020-09-11,75.1,92.8,2.286,8.9,5,1.0
2020-09-12,76.7,78.0,0.016,9.0,7,2.0
2020-09-13,77.7,78.0,0.004,8.9,5,1.0
2020-09-14,73.1,90.9,0.369,6.7,1,3.0
2020-09-15,76.6,84.4,0.014,8.9,3,1.0
2020-09-16,76.9,93.2,0.194,8.9,2,3.0
2020-09-17,76.0,91.9,0.17,15.7,4,2.0
2020-09-18,66.1,92.8,1.087,11.3,2,1.0
2020-09-19,67.4,97.0,2.619,4.6,1,0.0
2020-09-20,71.0,82.8,0.023,6.7,4,1.0
2020-09-21,71.9,75.6,0.004,6.7,4,2.0
2020-09-22,72.4,73.4,0.118,8.9,3,3.0
2020-09-23,68.4,90.5,0.388,8.9,1,5.0
2020-09-24,71.4,77.0,0.031,11.2,6,0.0
2020-09-25,72.0,76.6,0.036,11.2,6,4.0
2020-09-26,72.3,76.4,0.004,11.2,4,5.0
2020-09-27,70.9,85.1,0.083,11.2,7,3.0
2020-09-28,70.2,89.9,0.003,8.9,6,1.0
2020-09-29,72.1,75.9,0.012,6.7,8,6.0
2020-09-30,71.6,74.7,0.013,11.2,7,25.0
2020-10-01,72.2,75.7,0.0,8.9,6,0.0
2020-10-02,74.4,75.2,0.0,13.4,8,0.0
2020-10-03,76.6,77.9,0.004,11.2,6,0.0
2020-10-04,72.8,87.3,0.115,11.2,2,1.0
2020-10-05,67.5,66.5,0.024,15.5,5,0.0
2020-10-06,69.0,63.2,0.024,11.2,6,2.0
2020-10-07,68.7,66.8,0.0,11.2,5,0.0
2020-10-08,69.6,67.6,0.0,13.4,5,1.0
2020-10-09,69.1,69.5,0.0,11.2,4,0.0
2020-10-10,67.7,73.2,0.0,8.9,7,2.0
2020-10-11,67.9,74.2,0.0,6.7,6,3.0
2020-10-12,68.2,76.2,0.0,8.9,5,4.0
2020-10-13,67.2,76.7,0.016,11.2,5,5.0
2020-10-14,69.9,68.0,0.0,8.9,7,9.0
2020-10-15,69.4,67.3,0.024,8.9,4,12.0
2020-10-16,62.4,88.7,0.044,8.9,3,2.0
2020-10-17,64.4,75.2,0.034,11.2,5,4.0
2020-10-18,64.0,81.7,0.087,8.9,5,2.0
2020-10-19,64.1,77.4,0.018,8.9,5,2.0
2020-10-20,64.9,76.2,0.0,11.2,6,1.0
2020-10-21,64.5,83.7,0.022,11.2,1,0.0
2020-10-22,64.3,76.2,0.095,13.4,2,0.0
2020-10-23,62.3,54.3,0.0,13.4,7,6.0
2020-10-24,59.0,65.0,0.0,6.7,6,3.0
2020-10-25,60.7,73.9,0.0,11.2,7,2.0
2020-10-26,67.2,70.8,0.0,11.2,7,1.0
2020-10-27,67.6,72.9,0.0,11.2,3,2.0
2020-10-28,68.1,72.7,0.0,8.9,5,0.0
2020-10-29,66.3,71.2,0.0,6.8,6,1.0
2020-10-30,61.9,70.1,0.0,11.2,6,3.0
2020-10-31,63.1,71.3,0.0,8.9,7,3.0
2020-11-01,66.1,73.6,0.004,8.9,3,0.0
2020-11-02,64.9,77.4,0.004,11.2,3,1.0
2020-11-03,60.8,63.5,0.0,13.6,5,4.0
2020-11-04,57.7,63.0,0.0,8.9,4,1.0
2020-11-05,61.3,73.3,0.0,13.4,3,0.0
2020-11-06,66.2,72.0,0.0,11.1,7,0.0
2020-11-07,68.9,56.3,0.0,11.1,5,0.0
2020-11-08,65.2,50.4,0.0,11.3,6,0.0
2020-11-09,57.6,64.6,0.0,9.3,7,0.0
2020-11-10,56.9,69.3,0.0,6.7,6,0.0
2020-11-11,57.0,74.2,0.0,8.9,6,0.0
2020-11-12,58.9,74.6,0.0,6.7,6,0.0
2020-11-13,59.7,78.8,0.0,11.1,4,0.0
2020-11-14,60.7,77.0,0.0,6.7,5,4.0
2020-11-15,63.6,78.2,0.0,6.7,5,2.0
2020-11-16,66.9,83.5,0.007,8.9,3,1.0
2020-11-17,69.1,81.8,0.017,13.4,5,5.0
2020-11-18,75.4,74.7,0.005,22.2,5,1.0
2020-11-19,72.6,73.2,0.074,11.1,6,0.0
2020-11-20,59.7,92.3,0.765,8.9,2,0.0
2020-11-21,62.3,85.9,0.0,11.2,2,2.0
2020-11-22,57.4,87.9,0.021,17.9,2,4.0
2020-11-23,53.3,86.0,0.038,8.9,2,2.0
2020-11-24,52.9,92.3,0.096,8.8,2,0.0
2020-11-25,56.0,95.0,0.088,6.7,1,0.0
2020-11-26,57.3,82.9,0.134,11.2,3,1.0
2020-11-27,54.1,84.0,0.328,13.5,1,1.0
2020-11-28,50.9,74.9,0.001,11.3,2,1.0
2020-11-29,49.7,68.4,0.005,9.2,2,0.0
2020-11-30,51.3,69.1,0.0,11.2,3,0.0
2020-12-01,55.0,72.5,0.002,9.1,4,2.0
2020-12-02,53.1,80.7,0.0,8.9,4,0.0
2020-12-03,50.7,70.6,0.0,15.8,3,0.0
2020-12-04,46.5,62.8,0.0,15.7,5,0.0
2020-12-05,48.7,67.1,0.0,8.9,2,0.0
2020-12-06,53.3,73.2,0.0,4.6,5,1.0
2020-12-07,55.0,77.3,0.0,8.9,4,1.0
2020-12-08,51.9,75.3,0.005,11.2,1,0.0
2020-12-09,55.0,71.3,0.0,6.7,4,1.0
2020-12-10,54.0,79.3,0.004,8.9,5,1.0
2020-12-11,51.4,87.6,0.01,11.2,2,1.0
2020-12-12,49.6,71.0,0.0,11.2,6,1.0
2020-12-13,50.4,68.0,0.016,15.6,5,2.0
2020-12-14,39.3,81.8,0.421,13.4,2,1.0
2020-12-15,40.4,54.7,0.016,11.2,5,2.0
2020-12-16,41.8,48.7,0.0,11.3,6,0.0
2020-12-17,44.5,61.5,0.003,8.9,4,2.0
2020-12-18,43.1,90.8,0.141,11.2,1,2.0
2020-12-19,43.8,68.0,0.067,13.3,3,3.0
2020-12-20,42.3,59.5,0.0,11.3,5,2.0
2020-12-21,40.6,70.2,0.0,6.8,6,2.0
2020-12-22,42.9,78.9,0.0,6.8,6,4.0
2020-12-23,46.4,93.6,0.116,6.7,3,0.0
2020-12-24,50.3,64.2,0.001,15.9,5,1.0
2020-12-25,44.4,71.2,0.0,6.7,6,2.0
2020-12-26,50.3,73.1,0.005,9.0,3,2.0
2020-12-27,51.7,81.1,0.0,8.9,3,1.0
2020-12-28,50.9,82.6,0.0,7.0,6,4.0
2020-12-29,51.0,82.7,0.251,24.6,5,5.0
2020-12-30,31.0,55.8,0.001,26.8,6,2.0
2020-12-31,27.7,45.9,0.0,17.9,6,3.0
2021-01-01,30.5,62.6,0.0,4.7,6,0.0
2021-01-02,35.0,62.5,0.0,8.9,6,3.0
2021-01-03,42.7,78.3,0.0,4.5,4,0.0
2021-01-04,51.3,80.2,0.028,4.5,4,1.0
2021-01-05,48.6,77.1,0.028,11.2,3,4.0
2021-01-06,42.2,68.8,0.006,11.2,3,0.0
2021-01-07,31.6,48.7,0.006,17.8,4,2.0
2021-01-08,25.5,40.8,0.0,15.7,6,0.0
2021-01-09,29.3,46.0,0.0,15.5,7,1.0
2021-01-10,34.5,46.9,0.0,8.9,6,0.0
2021-01-11,37.3,44.2,0.0,13.4,6,0.0
2021-01-12,39.9,35.6,0.0,11.2,7,6.0
2021-01-13,45.0,44.2,0.0,6.7,7,4.0
2021-01-14,48.5,50.9,0.0,13.4,7,5.0
2021-01-15,55.3,56.4,0.0,15.7,6,0.0
2021-01-16,44.2,63.8,0.0,11.2,4,1.0
2021-01-17,38.7,53.2,0.0,11.2,6,7.0
2021-01-18,38.8,58.8,0.0,8.9,7,9.0
2021-01-19,41.8,65.8,0.0,15.7,7,6.0
2021-01-20,49.3,81.1,0.002,6.7,4,3.0
2021-01-21,59.3,86.9,0.022,11.2,4,0.0
2021-01-22,53.9,95.0,0.097,8.9,1,1.0
2021-01-23,48.0,93.3,0.01,11.2,2,0.0
2021-01-24,45.9,85.9,0.0,8.9,2,4.0
2021-01-25,52.2,84.0,0.008,6.9,4,2.0
2021-01-26,50.4,83.3,0.059,13.4,1,1.0
2021-01-27,47.2,79.4,0.009,7.0,3,0.0
2021-01-28,47.6,70.2,0.038,17.9,5,3.0
2021-01-29,40.3,57.7,0.0,11.2,7,0.0
2021-01-30,46.9,59.8,0.0,11.2,7,1.0
2021-01-31,59.7,66.6,0.0,17.8,4,22.0
2021-02-01,55.3,77.5,0.076,8.9,4,3.0
2021-02-02,47.8,74.6,0.0,8.9,6,3.0
2021-02-03,49.6,72.0,0.0,15.7,5,2.0
2021-02-04,47.7,78.5,0.0,11.2,7,2.0
2021-02-05,52.9,77.1,0.096,8.9,4,1.0
2021-02-06,54.3,80.0,0.017,8.9,6,1.0
2021-02-07,55.0,73.8,0.0,9.2,6,3.0
2021-02-08,47.9,73.1,0.016,13.5,2,3.0
2021-02-09,47.1,65.6,0.0,11.3,5,4.0
2021-02-10,48.9,80.3,0.021,12.8,2,0.0
2021-02-11,49.7,96.5,0.45,28.9,1,0.0
2021-02-12,51.8,91.7,0.0,40.3,2,0.0
2021-02-13,54.7,87.3,0.022,35.8,4,0.0
2021-02-14,58.3,86.5,0.051,4.7,6,3.0
2021-02-15,52.5,78.3,0.0,11.4,5,1.0
2021-02-16,47.8,77.9,0.013,8.9,1,1.0
2021-02-17,45.1,60.1,0.0,13.4,6,1.0
2021-02-18,42.3,57.4,0.0,15.5,8,3.0
2021-02-19,48.0,56.4,0.0,6.7,8,0.0
2021-02-20,58.2,50.5,0.0,11.2,8,3.0
2021-02-21,61.0,48.1,0.0,11.4,8,2.0
2021-02-22,61.3,59.4,0.0,15.7,7,4.0
2021-02-23,51.7,69.5,0.0,11.2,6,5.0
2021-02-24,52.9,75.4,0.0,11.1,6,7.0
2021-02-25,61.0,78.6,0.115,13.4,6,1.0
2021-02-26,50.9,93.1,0.592,11.2,1,1.0
2021-02-27,51.4,93.7,0.143,8.9,1,1.0
2021-02-28,55.6,91.3,0.039,6.7,3,78.0
2021-03-01,55.4,90.9,0.223,19.2,3,0.0
2021-03-02,46.6,69.5,0.087,15.7,7,5.0
2021-03-03,47.2,77.2,0.082,6.7,3,1.0
2021-03-04,52.0,85.8,0.399,13.4,8,2.0
2021-03-05,49.6,89.0,0.172,11.2,5,0.0
2021-03-06,50.3,90.4,0.253,8.9,1,2.0
2021-03-07,47.5,89.9,0.083,8.9,1,3.0
2021-03-08,51.1,83.4,0.095,8.8,5,7.0
2021-03-09,51.5,80.2,0.007,11.2,2,8.0
2021-03-10,54.4,72.6,0.0,8.9,8,0.0
2021-03-11,53.4,91.4,0.401,6.8,1,1.0
2021-03-12,55.7,73.0,0.0,13.2,6,0.0
2021-03-13,53.6,74.5,0.044,8.9,9,4.0
2021-03-14,57.1,75.0,0.0,11.2,8,4.0
2021-03-15,66.0,65.7,0.0,15.7,9,3.0
2021-03-16,58.2,89.7,0.375,11.2,2,4.0
2021-03-17,50.1,87.8,0.388,7.1,3,0.0
2021-03-18,54.9,79.6,0.044,6.7,5,3.0
2021-03-19,55.3,94.7,0.998,6.7,4,0.0
2021-03-20,54.6,85.6,0.77,13.4,4,0.0
2021-03-21,52.6,68.7,0.128,15.7,8,0.0
2021-03-22,51.0,56.7,0.0,13.4,9,1.0
2021-03-23,52.7,57.0,0.148,15.7,9,7.0
2021-03-24,54.3,84.0,0.498,11.2,2,3.0
2021-03-25,58.1,67.1,0.0,6.7,9,1.0
2021-03-26,60.4,79.7,0.02,24.0,5,1.0
2021-03-27,68.0,81.4,0.204,11.2,6,3.0
2021-03-28,65.7,76.6,0.344,6.7,7,5.0
2021-03-29,66.8,80.3,0.025,13.4,8,9.0
2021-03-30,61.7,89.9,0.01,11.2,2,3.0
2021-03-31,63.6,89.4,1.067,13.4,4,0.0
2021-04-01,65.4,92.1,0.214,8.8,4,0.0
2021-04-02,66.9,84.8,0.035,8.9,5,1.0
2021-04-03,63.6,83.4,0.001,13.4,2,1.0
2021-04-04,57.9,64.8,0.001,15.7,8,1.0
2021-04-05,56.4,48.0,0.0,9.1,9,3.0
2021-04-06,60.3,56.6,0.0,11.2,9,8.0
2021-04-07,59.1,54.4,0.001,11.2,5,1.0
2021-04-08,57.3,63.5,0.009,8.9,2,1.0
2021-04-09,57.9,56.8,0.0,11.2,10,2.0
2021-04-10,57.9,68.2,0.0,13.4,9,1.0
2021-04-11,61.5,92.7,0.52,7.1,1,0.0
2021-04-12,64.0,95.2,0.948,8.9,3,0.0
2021-04-13,61.4,79.6,0.008,9.3,3,3.0
2021-04-14,55.5,74.6,0.287,6.7,7,1.0
2021-04-15,55.7,76.7,0.007,11.2,4,0.0
2021-04-16,64.1,71.0,0.01,11.2,9,0.0
2021-04-17,63.9,69.8,0.012,17.2,9,1.0
2021-04-18,58.8,52.5,0.0,13.3,9,5.0
2021-04-19,61.6,58.1,0.0,13.4,10,2.0
2021-04-20,64.4,63.6,0.0,17.6,9,2.0
2021-04-21,68.6,71.2,0.001,17.9,8,4.0
2021-04-22,69.3,83.0,0.143,15.7,4,1.0
2021-04-23,68.8,86.3,0.051,8.9,3,0.0
2021-04-24,67.2,86.5,0.01,6.7,7,0.0
2021-04-25,67.5,81.5,0.003,8.9,7,0.0
2021-04-26,67.2,72.0,0.0,13.4,9,1.0
2021-04-27,64.2,87.4,0.245,8.9,2,2.0
2021-04-28,66.9,82.7,0.01,8.9,5,3.0
2021-04-29,72.1,57.9,0.004,11.2,10,0.0
2021-04-30,78.0,41.7,0.0,18.1,10,2.0
2021-05-01,73.2,48.0,0.147,17.9,10,0.0
2021-05-02,66.6,65.3,0.0,11.2,9,0.0
2021-05-03,69.9,68.3,0.0,26.2,9,0.0
2021-05-04,72.0,87.9,0.61,13.4,4,0.0
2021-05-05,68.3,54.9,0.019,13.4,10,1.0
2021-05-06,68.2,53.6,0.004,13.4,9,1.0
2021-05-07,76.7,63.6,0.044,11.2,8,0.0
2021-05-08,78.0,69.6,0.0,11.2,5,0.0
2021-05-09,79.7,64.0,0.0,11.2,9,1.0
2021-05-10,80.5,68.6,0.0,11.2,9,4.0
2021-05-11,74.3,85.5,0.921,31.3,3,1.0
2021-05-12,74.5,83.5,0.281,8.9,6,4.0
2021-05-13,74.7,86.9,0.622,8.9,6,6.0
2021-05-14,80.6,83.3,0.035,11.2,6,0.0
2021-05-15,83.7,77.7,0.09,13.4,8,0.0
2021-05-16,81.7,75.6,0.598,15.5,9,7.0
2021-05-17,66.7,85.0,0.38,13.4,2,11.0
2021-05-18,67.4,83.8,0.498,6.7,5,5.0
2021-05-19,66.1,91.8,0.7,8.9,2,4.0
2021-05-20,69.5,87.0,0.281,13.4,4,2.0
2021-05-21,68.2,85.8,0.275,8.9,5,3.0
2021-05-22,68.1,81.8,0.193,13.4,5,0.0
2021-05-23,67.7,92.4,0.467,8.9,2,0.0
2021-05-24,72.6,72.4,0.026,11.2,8,1.0
2021-05-25,78.0,65.2,0.0,11.2,9,1.0
2021-05-26,73.8,78.7,1.145,13.4,6,0.0
2021-05-27,76.1,81.3,0.64,11.2,7,1.0
2021-05-28,78.6,71.2,0.0,8.9,7,2.0
2021-05-29,76.9,67.6,0.016,15.7,7,3.0
2021-05-30,76.6,71.7,0.0,11.2,8,3.0
2021-05-31,76.1,67.7,0.0,15.6,9,8.0
2021-06-01,73.1,87.9,0.249,11.2,5,1.0
2021-06-02,75.5,93.2,0.617,4.7,4,1.0
2021-06-03,78.1,90.1,0.372,13.4,7,2.0
2021-06-04,67.1,88.2,0.374,8.8,1,2.0
2021-06-05,74.1,72.5,0.0,11.1,10,2.0
2021-06-06,76.2,65.1,0.0,11.2,10,2.0
2021-06-07,75.3,71.3,0.0,13.4,9,5.0
2021-06-08,80.2,77.6,0.002,11.1,5,0.0
2021-06-09,82.5,78.2,0.036,17.9,6,4.0
2021-06-10,81.7,84.6,0.28,13.4,5,2.0
2021-06-11,81.4,84.8,0.016,11.2,3,2.0
2021-06-12,80.7,87.4,0.485,11.1,4,0.0
2021-06-13,77.8,93.2,0.96,8.9,3,3.0
2021-06-14,80.7,88.5,0.002,4.5,6,1.0
2021-06-15,86.1,77.6,0.024,11.2,5,2.0
2021-06-16,82.5,83.7,0.294,11.2,5,0.0
2021-06-17,81.4,87.9,0.007,6.7,6,1.0
2021-06-18,80.4,91.7,0.159,8.9,3,0.0
2021-06-19,72.8,95.1,0.389,11.2,1,2.0
2021-06-20,71.1,94.9,1.868,8.9,1,1.0
2021-06-21,75.7,77.6,0.001,6.9,8,2.0
2021-06-22,76.3,78.2,0.0,8.9,7,1.0
2021-06-23,77.1,66.5,0.0,11.2,10,0.0
2021-06-24,79.0,73.8,0.0,13.4,9,1.0
2021-06-25,80.0,76.4,0.0,13.4,9,0.0
2021-06-26,80.2,87.1,0.407,8.9,2,3.0
2021-06-27,78.5,94.8,1.389,8.9,2,0.0
2021-06-28,80.1,87.3,0.182,11.0,4,4.0
2021-06-29,80.6,80.4,0.056,11.2,6,11.0
2021-06-30,77.6,88.6,0.045,8.9,2,16.0
2021-07-01,78.7,86.7,0.032,6.7,5,4.0
2021-07-02,80.1,94.3,0.523,8.9,2,1.0
2021-07-03,84.2,84.7,0.715,11.2,8,1.0
2021-07-04,84.3,85.1,0.27,11.2,7,0.0
2021-07-05,87.5,68.5,0.0,17.9,9,0.0
2021-07-06,87.1,70.8,0.004,17.9,8,1.0
2021-07-07,89.8,71.0,0.504,11.2,9,1.0
2021-07-08,88.5,72.1,0.99,13.4,8,1.0
2021-07-09,83.4,79.5,0.062,11.2,6,0.0
2021-07-10,81.9,85.7,0.909,15.3,6,2.0
2021-07-11,88.0,78.1,0.0,11.2,9,7.0
2021-07-12,89.3,73.1,0.0,13.4,9,12.0
2021-07-13,88.2,71.2,0.0,13.4,8,16.0
2021-07-14,88.5,69.0,0.0,15.7,9,0.0
2021-07-15,88.4,67.5,0.296,15.7,9,0.0
2021-07-16,86.7,71.5,0.012,13.4,8,0.0
2021-07-17,84.7,74.7,0.004,15.7,7,2.0
2021-07-18,83.0,75.3,0.004,13.4,7,3.0
2021-07-19,84.8,75.3,0.028,15.7,8,5.0
2021-07-20,85.7,75.4,0.019,17.9,7,7.0
2021-07-21,85.2,70.4,0.012,11.2,9,2.0
2021-07-22,83.0,80.8,0.277,13.4,5,20.0
2021-07-23,80.0,88.2,1.215,11.2,4,7.0
2021-07-24,79.6,92.7,2.143,19.3,3,3.0
2021-07-25,78.6,94.0,4.011,29.1,1,6.0
2021-07-26,78.3,93.3,5.874,15.7,2,22.0
2021-07-27,80.8,91.9,0.88,11.2,4,5.0
2021-07-28,83.3,87.6,0.439,15.4,5,3.0
2021-07-29,85.0,82.7,0.21,14.1,8,0.0
2021-07-30,85.9,78.2,0.171,8.9,7,1.0
2021-07-31,83.5,85.7,0.365,13.3,7,2.0
2021-08-01,82.4,88.5,0.099,4.5,5,0.0
2021-08-02,83.7,86.2,0.007,11.2,6,0.0
2021-08-03,83.5,87.0,0.177,11.2,7,2.0
2021-08-04,83.8,83.8,0.096,17.7,5,4.0
2021-08-05,84.0,80.1,0.324,13.2,6,0.0
2021-08-06,84.3,78.7,0.022,15.7,7,7.0
2021-08-07,84.0,76.0,0.024,11.2,7,0.0
2021-08-08,85.5,72.0,0.0,15.5,7,0.0
2021-08-09,84.6,75.7,0.077,11.2,8,1.0
2021-08-10,83.3,88.5,1.667,11.2,5,3.0
2021-08-11,81.7,90.1,1.024,8.9,4,11.0
2021-08-12,82.1,90.7,0.363,8.9,5,0.0
2021-08-13,80.6,92.2,0.873,8.9,3,3.0
2021-08-14,78.3,94.0,0.294,8.9,1,2.0
2021-08-15,79.9,92.3,1.866,8.9,3,5.0
2021-08-16,79.6,95.8,1.406,4.5,4,3.0
2021-08-17,80.1,87.3,1.132,11.1,5,3.0
2021-08-18,81.0,77.4,0.004,8.9,9,7.0
2021-08-19,82.2,74.5,0.028,11.2,9,0.0
2021-08-20,83.2,81.4,0.091,11.2,8,2.0
2021-08-21,84.3,81.6,0.273,13.4,2,0.0
2021-08-22,83.3,83.9,0.266,13.4,7,5.0
2021-08-23,86.4,78.9,0.024,11.2,6,17.0
2021-08-24,88.1,73.9,0.15,11.2,7,1.0
2021-08-25,85.1,79.7,0.458,13.3,6,5.0
2021-08-26,85.9,78.1,0.016,13.4,8,0.0
2021-08-27,86.8,69.3,0.0,13.4,9,1.0
2021-08-28,86.3,71.6,0.008,11.2,8,3.0
2021-08-29,87.0,72.2,0.008,13.4,8,4.0
2021-08-30,86.2,71.0,0.0,13.4,9,6.0
2021-08-31,86.7,70.9,0.0,15.7,8,4.0
2021-09-01,87.5,69.3,0.0,11.2,8,0.0
2021-09-02,85.4,74.7,0.327,20.1,8,3.0
2021-09-03,82.8,81.5,0.228,15.3,6,4.0
2021-09-04,84.3,76.2,0.001,13.4,8,5.0
2021-09-05,85.8,73.0,0.0,13.4,7,4.0
2021-09-06,83.8,84.1,0.181,11.0,8,7.0
2021-09-07,79.7,82.2,0.128,11.2,5,2.0
2021-09-08,76.3,91.0,0.121,6.7,2,7.0
2021-09-09,81.0,85.3,0.112,13.3,5,5.0
2021-09-10,84.1,76.7,0.005,11.2,9,0.0
2021-09-11,82.5,85.7,0.002,11.2,5,1.0
2021-09-12,78.7,87.5,0.659,11.2,1,3.0
2021-09-13,76.8,94.5,5.197,22.4,2,1.0
2021-09-14,77.1,87.1,3.096,22.2,1,1.0
2021-09-15,76.3,83.9,0.762,20.1,3,0.0
2021-09-16,75.5,87.9,0.173,13.4,5,0.0
2021-09-17,77.1,73.7,0.0,11.2,8,0.0
2021-09-18,76.0,75.3,0.0,8.9,7,0.0
2021-09-19,81.0,77.4,0.0,11.2,7,0.0
2021-09-20,85.3,72.4,0.023,13.4,8,1.0
2021-09-21,82.0,66.1,0.086,8.9,8,0.0
2021-09-22,81.0,63.9,0.0,8.9,9,1.0
2021-09-23,80.4,64.9,0.0,13.4,9,0.0
2021-09-24,77.8,69.7,0.0,13.4,8,0.0
2021-09-25,76.9,74.4,0.0,13.4,8,5.0
2021-09-26,77.2,72.0,0.0,11.2,8,2.0
2021-09-27,79.2,76.1,0.008,11.2,6,2.0
2021-09-28,80.7,76.1,0.0,8.9,8,8.0
2021-09-29,82.8,70.8,0.063,11.2,8,0.0
2021-09-30,78.6,71.4,0.008,11.2,6,9.0
2021-10-01,77.0,70.0,0.0,6.7,8,0.0
2021-10-02,78.5,73.3,0.0,13.4,8,2.0
2021-10-03,79.0,70.3,0.0,15.7,8,0.0
2021-10-04,80.7,74.6,0.016,15.7,6,0.0
2021-10-05,80.1,69.6,0.004,13.3,8,3.0
2021-10-06,79.2,80.6,0.177,15.7,5,2.0
2021-10-07,79.1,81.9,0.561,13.4,5,3.0
2021-10-08,77.0,88.3,0.478,13.3,4,3.0
2021-10-09,79.3,84.6,0.002,15.7,7,1.0
2021-10-10,78.7,90.7,0.34,8.9,6,3.0
2021-10-11,73.1,92.5,0.189,13.4,5,3.0
2021-10-12,69.1,95.3,0.535,11.2,2,1.0
2021-10-13,71.9,98.0,0.792,4.5,2,1.0
2021-10-14,78.0,88.5,0.393,11.2,5,0.0
2021-10-15,77.7,85.9,0.369,13.4,5,0.0
2021-10-16,65.5,89.1,0.777,15.7,1,0.0
2021-10-17,60.1,66.5,0.013,13.4,4,2.0
2021-10-18,61.2,75.2,0.049,8.9,4,3.0
2021-10-19,63.1,70.7,0.022,11.2,6,10.0
2021-10-20,58.3,87.4,0.862,11.2,1,4.0
2021-10-21,56.2,83.8,0.558,13.3,1,3.0
2021-10-22,59.6,68.5,0.0,13.4,6,2.0
2021-10-23,63.9,62.7,0.0,11.2,6,1.0
2021-10-24,64.2,69.7,0.0,8.9,3,2.0
2021-10-25,61.0,79.9,0.016,8.9,4,3.0
2021-10-26,63.2,78.3,0.004,4.5,5,3.0
2021-10-27,63.0,77.6,0.0,8.9,6,0.0
2021-10-28,63.0,70.8,0.0,8.9,7,2.0
2021-10-29,65.2,72.8,0.0,6.7,6,0.0
2021-10-30,63.8,74.0,0.004,11.2,6,0.0
2021-10-31,63.4,78.5,0.004,6.7,5,1.0
2021-11-01,65.1,76.9,0.0,8.9,6,2.0
2021-11-02,64.3,81.5,0.009,8.8,3,0.0
2021-11-03,63.0,78.2,0.004,6.7,2,0.0
2021-11-04,62.7,86.4,0.026,11.2,4,1.0
2021-11-05,66.4,94.5,0.622,6.7,1,0.0
2021-11-06,67.3,93.1,0.104,11.2,2,1.0
2021-11-07,63.4,92.9,0.761,20.1,4,1.0
2021-11-08,46.3,57.3,0.072,22.2,7,2.0
2021-11-09,48.0,54.2,0.0,13.4,7,1.0
2021-11-10,51.9,59.1,0.0,21.2,7,3.0
2021-11-11,52.3,63.7,0.0,13.4,7,1.0
2021-11-12,55.6,51.5,0.0,11.2,7,0.0
2021-11-13,54.1,65.0,0.004,11.0,3,0.0
2021-11-14,55.5,67.4,0.0,6.7,7,1.0
2021-11-15,55.7,68.0,0.0,8.9,7,4.0
2021-11-16,57.6,76.1,0.0,4.5,4,3.0
2021-11-17,57.1,88.9,0.378,6.7,3,0.0
2021-11-18,57.4,91.9,0.257,6.6,3,0.0
2021-11-19,61.2,83.4,0.0,6.7,4,0.0
2021-11-20,59.7,82.9,0.0,8.9,5,4.0
2021-11-21,60.6,88.6,0.591,13.4,3,2.0
2021-11-22,50.2,61.2,0.545,20.1,3,4.0
2021-11-23,43.6,53.6,0.0,13.4,6,2.0
2021-11-24,45.8,64.5,0.0,4.5,7,0.0
2021-11-25,50.2,64.7,0.0,4.5,6,1.0
2021-11-26,51.8,70.3,0.0,8.9,6,0.0
2021-11-27,54.7,71.4,0.0,8.9,5,0.0
2021-11-28,58.3,80.0,0.038,11.2,2,0.0
2021-11-29,59.3,98.2,0.251,6.7,2,2.0
2021-11-30,53.7,66.0,0.074,26.8,5,1.0
2021-12-01,44.8,51.3,0.0,13.4,6,0.0
2021-12-02,43.9,60.7,0.0,6.7,6,0.0
2021-12-03,45.9,61.5,0.0,15.7,6,0.0
2021-12-04,46.9,66.5,0.0,6.7,6,3.0
2021-12-05,49.8,74.2,0.0,8.9,6,1.0
2021-12-06,51.6,77.9,0.0,6.7,6,3.0
2021-12-07,50.6,77.1,0.0,8.9,5,0.0
2021-12-08,54.1,77.5,0.0,6.7,3,0.0
2021-12-09,56.1,77.2,0.004,6.7,5,0.0
2021-12-10,52.3,78.9,0.0,8.9,6,0.0
2021-12-11,52.7,81.3,0.0,6.7,5,1.0
2021-12-12,51.9,84.0,0.002,11.1,2,2.0
2021-12-13,48.6,63.6,0.0,11.2,6,2.0
2021-12-14,46.5,77.5,0.0,6.7,3,1.0
2021-12-15,55.9,80.9,0.026,8.8,3,1.0
2021-12-16,56.6,93.0,0.582,11.2,1,1.0
2021-12-17,49.6,59.5,0.007,17.6,6,0.0
2021-12-18,39.7,52.0,0.0,11.2,6,0.0
2021-12-19,41.9,61.5,0.0,8.9,6,2.0
2021-12-20,47.8,61.3,0.0,4.5,6,3.0
2021-12-21,51.7,80.7,0.019,4.5,2,0.0
2021-12-22,48.4,73.8,0.0,8.9,6,0.0
2021-12-23,52.6,76.5,0.0,8.9,5,0.0
2021-12-24,55.9,80.1,0.005,15.7,5,1.0
2021-12-25,41.4,71.9,0.028,13.4,2,0.0
2021-12-26,34.9,52.4,0.0,20.1,5,3.0
2021-12-27,34.7,40.0,0.0,11.2,6,2.0
2021-12-28,37.1,69.1,0.019,4.5,2,4.0
2021-12-29,46.1,54.1,0.0,11.2,6,4.0
2021-12-30,43.3,41.1,0.0,13.4,6,2.0
2021-12-31,41.4,60.5,0.0,8.9,6,0.0
2022-01-01,41.2,81.6,0.0,4.5,2,0.0
2022-01-02,44.2,73.0,0.0,8.9,6,0.0
2022-01-03,44.3,72.2,0.0,4.5,6,1.0
2022-01-04,48.3,75.3,0.0,11.2,6,1.0
2022-01-05,54.1,78.5,0.064,13.4,3,1.0
2022-01-06,47.2,73.4,0.05,11.2,2,1.0
2022-01-07,46.3,67.7,0.0,8.9,4,0.0
2022-01-08,47.0,71.9,0.0,6.7,4,2.0
2022-01-09,43.6,84.2,0.09,8.9,3,0.0
2022-01-10,44.2,79.8,0.031,15.5,4,3.0
2022-01-11,41.9,58.1,0.077,17.9,6,3.0
2022-01-12,37.6,66.3,0.0,6.7,6,1.0
2022-01-13,37.0,73.2,0.0,15.7,2,0.0
2022-01-14,37.6,72.6,0.002,6.7,6,0.0
2022-01-15,45.4,68.9,0.0,8.9,6,2.0
2022-01-16,47.0,73.6,0.007,6.7,3,2.0
2022-01-17,47.5,78.9,0.062,6.6,2,1.0
2022-01-18,48.2,76.2,0.0,6.7,5,0.0
2022-01-19,47.9,78.8,0.0,8.9,6,0.0
2022-01-20,45.9,76.4,0.0,11.2,3,0.0
2022-01-21,46.9,69.0,0.004,6.7,3,0.0
2022-01-22,48.6,90.4,0.678,4.5,1,1.0
2022-01-23,51.7,96.8,0.528,11.2,1,3.0
2022-01-24,47.2,90.4,0.121,6.8,1,6.0
2022-01-25,45.8,78.7,0.023,6.7,2,1.0
2022-01-26,45.2,95.9,0.3,4.5,1,4.0
2022-01-27,46.9,96.7,0.285,9.0,1,4.0
2022-01-28,41.2,92.8,0.357,8.9,1,3.0
2022-01-29,38.0,91.9,0.306,8.9,1,1.0
2022-01-30,37.2,85.1,0.189,13.4,3,0.0
2022-01-31,38.8,74.7,0.008,6.7,7,5.0
2022-02-01,41.1,81.7,0.097,8.9,3,0.0
2022-02-02,39.4,94.0,0.402,11.2,1,0.0
2022-02-03,40.5,92.3,0.184,8.9,2,1.0
2022-02-04,42.3,73.9,0.012,8.9,5,1.0
2022-02-05,39.5,73.9,0.0,11.2,6,0.0
2022-02-06,38.8,70.9,0.004,6.7,6,1.0
2022-02-07,41.1,94.8,0.729,8.9,1,4.0
2022-02-08,42.7,82.7,0.01,11.2,4,1.0
2022-02-09,42.8,88.2,0.157,6.7,1,0.0
2022-02-10,41.4,90.4,0.014,6.7,3,0.0
2022-02-11,43.0,97.2,0.431,4.4,1,0.0
2022-02-12,45.9,93.0,0.027,8.9,1,0.0
2022-02-13,45.4,89.8,0.34,6.7,1,5.0
2022-02-14,46.5,68.8,0.01,13.4,8,2.0
2022-02-15,43.6,79.7,0.008,8.9,4,3.0
2022-02-16,45.3,75.9,0.0,8.9,3,2.0
2022-02-17,40.9,84.2,0.606,8.9,2,0.0
2022-02-18,41.4,94.4,0.477,8.9,1,0.0
2022-02-19,40.2,81.3,0.11,11.2,2,0.0
2022-02-20,37.3,51.6,0.0,13.4,5,2.0
2022-02-21,40.6,53.6,0.004,8.9,8,5.0
2022-02-22,41.1,67.4,0.085,6.7,2,5.0
2022-02-23,38.9,76.0,0.366,11.2,3,1.0
2022-02-24,38.6,69.5,0.0,8.9,7,6.0
2022-02-25,42.3,71.1,0.0,15.3,8,7.0
2022-02-26,50.0,68.4,0.0,8.9,8,0.0
2022-02-27,50.7,71.8,0.0,13.4,8,4.0
2022-02-28,60.8,69.1,0.0,13.4,7,13.0
2022-03-01,59.3,71.7,0.002,17.6,6,2.0
2022-03-02,51.3,71.9,0.117,8.9,8,1.0
2022-03-03,53.9,70.1,0.0,11.2,7,0.0
2022-03-04,57.2,85.4,0.749,8.9,6,0.0
2022-03-05,54.2,76.1,0.0,13.4,7,1.0
2022-03-06,48.5,63.7,0.051,6.7,3,0.0
2022-03-07,45.4,81.6,0.175,11.2,6,2.0
2022-03-08,51.1,59.7,0.0,8.9,9,3.0
2022-03-09,55.8,57.9,0.148,13.4,9,0.0
2022-03-10,62.2,70.0,0.296,15.5,6,2.0
2022-03-11,66.5,69.1,0.296,11.0,8,2.0
2022-03-12,69.0,73.3,0.0,20.1,8,0.0
2022-03-13,73.2,66.2,0.076,13.4,7,5.0
2022-03-14,69.8,73.3,0.13,17.2,8,3.0
2022-03-15,62.6,69.8,0.025,13.3,8,0.0
2022-03-16,69.6,72.3,0.0,17.7,8,0.0
2022-03-17,66.1,87.8,0.775,24.6,4,1.0
2022-03-18,51.4,79.4,0.015,17.9,6,0.0
2022-03-19,53.2,81.6,0.008,8.9,3,0.0
2022-03-20,49.2,88.5,0.102,11.2,1,0.0
2022-03-21,50.3,95.9,1.467,13.4,1,4.0
2022-03-22,47.6,93.2,0.871,8.9,1,5.0
2022-03-23,51.2,68.6,0.02,8.9,6,1.0
2022-03-24,55.2,70.4,0.0,17.9,9,2.0
2022-03-25,64.4,91.2,1.748,15.3,3,0.0
2022-03-26,59.7,78.4,0.241,18.1,6,2.0
2022-03-27,55.9,69.7,0.011,8.8,4,4.0
2022-03-28,53.0,80.6,0.023,6.7,6,1.0
2022-03-29,56.7,74.4,0.0,13.4,9,0.0
2022-03-30,63.7,84.3,0.061,8.9,6,0.0
2022-03-31,55.2,87.3,0.334,11.3,2,8.0
2022-04-01,52.1,61.4,0.046,11.2,3,0.0
2022-04-02,50.7,62.3,0.0,8.9,8,1.0
2022-04-03,50.7,64.3,0.0,8.9,10,1.0
2022-04-04,53.6,62.3,0.0,11.2,9,0.0
2022-04-05,59.4,58.9,0.0,8.9,5,2.0
2022-04-06,63.4,61.3,0.0,11.2,9,0.0
2022-04-07,65.9,55.3,0.0,8.9,9,0.0
2022-04-08,66.8,51.7,0.0,13.4,10,0.0
2022-04-09,68.4,50.7,0.0,15.5,10,0.0
2022-04-10,71.4,69.7,0.008,13.4,9,0.0
2022-04-11,75.6,63.3,0.0,8.9,9,1.0
2022-04-12,76.1,68.4,0.0,11.2,9,5.0
2022-04-13,65.2,90.1,1.14,11.2,5,6.0
2022-04-14,59.2,88.2,0.35,20.1,2,0.0
2022-04-15,58.2,76.2,0.071,11.2,4,1.0
2022-04-16,57.1,58.7,0.015,8.9,8,0.0
2022-04-17,58.9,63.0,0.0,8.9,7,1.0
2022-04-18,60.5,62.4,0.0,11.2,7,1.0
2022-04-19,62.2,65.9,0.004,8.9,8,1.0
2022-04-20,65.6,60.6,0.0,17.6,9,0.0
2022-04-21,66.9,72.0,0.115,13.4,9,0.0
2022-04-22,71.5,76.9,0.013,11.2,7,0.0
2022-04-23,68.7,92.5,0.659,11.2,4,3.0
2022-04-24,67.9,86.5,0.0,8.9,7,1.0
2022-04-25,75.2,80.3,0.153,15.7,6,1.0
2022-04-26,72.2,90.6,0.219,13.4,2,0.0
2022-04-27,65.7,75.1,0.027,11.2,7,3.0
2022-04-28,66.8,76.3,0.047,11.0,7,1.0
2022-04-29,59.5,83.5,0.332,11.2,5,0.0
2022-04-30,58.3,77.1,0.083,6.7,3,0.0
2022-05-01,59.9,75.4,0.015,8.9,4,0.0
2022-05-02,64.5,63.6,0.0,8.9,10,1.0
2022-05-03,66.5,56.3,0.0,11.2,10,0.0
2022-05-04,66.6,55.7,0.0,11.2,9,2.0
2022-05-05,68.0,67.0,0.0,15.7,10,1.0
2022-05-06,74.2,68.7,0.0,13.4,9,0.0
2022-05-07,72.6,75.7,0.0,14.0,9,2.0
2022-05-08,71.4,72.4,0.0,8.9,5,2.0
2022-05-09,66.4,66.8,0.008,8.8,8,3.0
2022-05-10,65.7,79.5,0.712,11.2,4,2.0
2022-05-11,64.9,95.4,0.419,6.7,2,3.0
2022-05-12,64.6,97.2,0.741,4.5,4,1.0
2022-05-13,63.4,94.2,0.458,8.9,1,0.0
2022-05-14,64.0,65.1,0.001,8.9,9,0.0
2022-05-15,61.3,73.2,0.035,6.7,4,1.0
2022-05-16,65.0,65.6,0.03,11.2,9,1.0
2022-05-17,68.2,52.6,0.0,13.4,10,0.0
2022-05-18,67.6,45.2,0.0,13.4,8,0.0
2022-05-19,69.0,64.2,0.0,11.2,7,2.0
2022-05-20,67.3,87.9,0.036,6.7,5,0.0
2022-05-21,69.6,79.0,0.037,8.9,9,2.0
2022-05-22,71.7,65.2,0.0,13.4,9,4.0
2022-05-23,65.2,89.4,0.312,13.1,2,1.0
2022-05-24,67.2,91.2,0.083,6.7,2,1.0
2022-05-25,71.9,80.3,0.008,8.9,6,0.0
2022-05-26,70.5,81.1,0.051,8.9,4,1.0
2022-05-27,74.2,70.8,0.0,11.2,9,1.0
2022-05-28,68.4,89.2,0.614,11.2,5,0.0
2022-05-29,70.5,93.9,0.861,6.6,2,0.0
2022-05-30,74.9,90.2,0.528,13.3,5,7.0
2022-05-31,71.8,79.1,0.119,8.9,7,0.0
2022-06-01,73.6,92.0,0.97,8.9,2,1.0
2022-06-02,76.2,86.7,0.003,13.4,6,0.0
2022-06-03,74.8,88.7,0.106,8.9,4,0.0
2022-06-04,79.5,85.9,0.004,6.7,6,1.0
2022-06-05,78.1,91.2,0.833,13.4,3,0.0
2022-06-06,79.2,74.1,0.001,13.4,10,1.0
2022-06-07,76.5,76.9,0.0,11.2,8,6.0
2022-06-08,74.4,76.0,0.0,8.9,7,0.0
2022-06-09,76.4,75.9,0.0,13.4,9,1.0
2022-06-10,69.7,87.4,0.461,10.9,1,0.0
2022-06-11,70.4,88.4,0.179,8.9,5,0.0
2022-06-12,69.4,89.8,0.753,11.2,3,5.0
2022-06-13,70.6,93.7,0.862,8.9,2,4.0
2022-06-14,76.3,81.1,0.028,11.2,7,0.0
2022-06-15,79.8,73.8,0.02,11.2,8,3.0
2022-06-16,79.9,77.4,0.0,8.9,9,2.0
2022-06-17,79.8,78.5,0.0,13.4,9,0.0
2022-06-18,80.9,78.7,0.0,15.7,7,0.0
2022-06-19,79.0,84.6,0.059,11.2,3,1.0
2022-06-20,77.1,93.0,1.438,8.9,2,2.0
2022-06-21,80.1,84.2,0.014,11.0,7,0.0
2022-06-22,83.6,80.6,0.018,20.1,7,1.0
2022-06-23,88.7,65.8,0.008,17.7,8,0.0
2022-06-24,84.6,72.6,0.337,22.4,5,1.0
2022-06-25,82.5,83.3,0.187,11.2,6,1.0
2022-06-26,86.3,69.4,0.0,17.9,9,2.0
2022-06-27,87.5,63.3,0.0,20.1,9,3.0
2022-06-28,87.6,68.0,0.004,17.7,9,2.0
2022-06-29,87.6,69.6,0.044,17.9,9,0.0
2022-06-30,86.0,69.7,0.055,22.4,8,6.0
2022-07-01,84.5,71.9,0.107,15.7,7,0.0
2022-07-02,83.7,73.2,0.032,15.7,8,2.0
2022-07-03,84.8,73.0,0.008,11.2,7,2.0
2022-07-04,86.1,74.4,0.0,15.7,8,4.0
2022-07-05,88.9,71.7,0.009,17.9,9,1.0
2022-07-06,90.4,65.8,0.223,17.9,8,3.0
2022-07-07,89.3,69.1,0.028,13.4,8,1.0
2022-07-08,90.0,69.9,0.15,11.2,9,0.0
2022-07-09,90.9,68.6,0.425,13.4,7,0.0
2022-07-10,93.2,63.4,0.06,11.2,9,4.0
2022-07-11,92.6,64.3,0.0,11.2,8,4.0
2022-07-12,88.8,69.5,0.004,31.3,9,2.0
2022-07-13,91.2,66.4,0.004,13.3,9,0.0
2022-07-14,93.3,64.1,0.004,11.2,9,0.0
2022-07-15,93.4,61.1,0.0,11.2,8,0.0
2022-07-16,90.8,67.2,0.024,8.9,7,0.0
2022-07-17,89.2,70.4,0.413,20.1,8,0.0
2022-07-18,84.6,77.9,0.017,11.2,5,2.0
2022-07-19,85.8,79.6,0.212,8.9,6,1.0
2022-07-20,93.5,63.0,0.036,17.9,9,1.0
2022-07-21,89.8,66.5,0.536,22.4,8,2.0
2022-07-22,86.7,77.3,0.025,11.2,8,1.0
2022-07-23,93.2,62.3,0.0,11.2,9,2.0
2022-07-24,86.8,71.9,0.025,17.8,9,2.0
2022-07-25,85.1,76.5,1.197,15.3,8,1.0
2022-07-26,85.3,74.1,0.049,24.3,9,2.0
2022-07-27,85.4,73.8,0.004,13.3,9,2.0
2022-07-28,87.5,65.4,0.0,13.4,9,1.0
2022-07-29,85.9,72.2,0.049,13.4,8,1.0
2022-07-30,84.2,80.1,0.036,8.9,7,2.0
2022-07-31,87.6,71.7,0.044,11.2,8,8.0
2022-08-01,85.9,76.0,0.013,8.8,8,0.0
2022-08-02,86.9,76.7,0.118,15.7,6,0.0
2022-08-03,87.9,71.7,0.004,17.9,8,3.0
2022-08-04,89.9,64.9,0.0,17.8,8,4.0
2022-08-05,91.3,63.6,0.0,11.2,9,3.0
2022-08-06,85.0,77.6,0.016,13.3,9,2.0
2022-08-07,86.0,71.1,0.008,17.9,9,3.0
2022-08-08,88.5,65.1,0.0,15.7,9,0.0
2022-08-09,89.6,65.0,0.0,15.7,9,4.0
2022-08-10,89.4,66.6,0.0,13.4,9,4.0
2022-08-11,90.9,65.1,0.004,11.2,9,6.0
2022-08-12,90.0,67.8,0.02,13.4,9,0.0
2022-08-13,91.1,67.0,0.016,11.2,9,1.0
2022-08-14,90.8,63.2,0.0,13.4,9,1.0
2022-08-15,91.1,60.1,0.0,15.7,9,12.0
2022-08-16,91.6,62.9,0.028,13.4,9,3.0
2022-08-17,86.5,76.4,0.013,19.7,8,3.0
2022-08-18,88.0,72.3,0.0,15.5,9,4.0
2022-08-19,91.8,66.9,0.0,13.4,9,2.0
2022-08-20,93.4,65.0,0.012,11.2,7,0.0
2022-08-21,89.0,74.1,0.016,15.7,9,0.0
2022-08-22,91.5,64.9,0.0,8.9,8,7.0
2022-08-23,91.8,66.0,0.03,8.9,8,7.0
2022-08-24,86.9,81.1,0.031,11.2,6,0.0
2022-08-25,88.3,74.3,0.192,19.1,8,0.0
2022-08-26,82.5,84.1,0.273,11.2,5,1.0
2022-08-27,78.3,91.3,0.491,8.9,2,0.0
2022-08-28,78.6,84.8,0.029,8.9,6,3.0
2022-08-29,84.0,77.2,0.004,11.2,7,2.0
2022-08-30,85.1,80.3,0.025,11.2,8,4.0
2022-08-31,77.9,86.8,0.035,13.2,5,7.0
2022-09-01,78.5,73.1,0.02,13.4,6,2.0
2022-09-02,75.0,88.8,1.264,13.4,2,1.0
2022-09-03,78.3,95.2,0.633,11.2,5,1.0
2022-09-04,80.7,90.7,1.267,19.2,6,2.0
2022-09-05,75.8,85.0,1.872,26.8,2,5.0
2022-09-06,78.3,72.8,0.0,8.9,9,1.0
2022-09-07,79.5,69.7,0.0,6.7,9,2.0
2022-09-08,80.4,63.9,0.0,11.2,9,0.0
2022-09-09,76.9,72.4,0.0,8.9,8,1.0
2022-09-10,75.7,75.8,0.0,8.9,8,0.0
2022-09-11,78.4,74.5,0.017,8.9,7,0.0
2022-09-12,75.5,84.8,0.549,8.9,2,2.0
2022-09-13,75.1,95.8,2.679,11.2,1,5.0
2022-09-14,74.5,96.1,6.077,33.6,1,3.0
2022-09-15,79.2,76.8,0.232,20.1,8,0.0
2022-09-16,79.0,76.8,0.025,6.7,7,1.0
2022-09-17,78.7,78.2,0.004,11.2,7,1.0
2022-09-18,78.7,75.8,0.115,15.7,5,18.0
2022-09-19,78.8,62.6,0.0,15.7,8,2.0
2022-09-20,73.8,62.9,0.0,13.4,7,1.0
2022-09-21,72.6,72.3,0.081,8.9,5,3.0
2022-09-22,74.5,74.0,0.0,8.9,6,0.0
2022-09-23,75.0,72.0,0.0,13.4,6,1.0
2022-09-24,70.6,66.9,0.0,11.2,6,0.0
2022-09-25,71.3,71.1,0.0,6.7,8,3.0
2022-09-26,73.5,73.5,0.004,8.9,8,0.0
2022-09-27,75.6,75.5,0.02,8.9,7,2.0
2022-09-28,75.6,81.3,0.056,8.9,2,1.0
2022-09-29,72.1,92.4,0.074,6.7,2,4.0
2022-09-30,78.6,82.9,0.0,11.2,5,0.0
2022-10-01,82.8,74.7,0.0,13.4,8,2.0
2022-10-02,83.4,73.1,0.0,13.6,8,1.0
2022-10-03,85.0,72.1,0.0,13.4,8,3.0
2022-10-04,75.3,85.0,0.037,13.4,3,2.0
2022-10-05,67.9,70.5,0.002,8.9,3,2.0
2022-10-06,64.3,92.6,0.061,6.7,1,1.0
2022-10-07,61.0,93.8,0.366,11.2,1,1.0
2022-10-08,63.0,86.7,0.025,6.7,2,1.0
2022-10-09,62.8,84.3,0.028,15.4,3,3.0
2022-10-10,59.8,45.6,0.0,22.4,8,1.0
2022-10-11,57.7,63.9,0.0,9.1,7,0.0
2022-10-12,62.9,68.1,0.0,11.2,5,1.0
2022-10-13,63.6,78.7,0.012,11.2,5,1.0
2022-10-14,68.4,76.2,0.005,11.2,4,1.0
2022-10-15,69.6,73.4,0.002,11.2,4,0.0
2022-10-16,68.3,79.3,0.071,11.1,1,1.0
2022-10-17,65.2,70.1,0.008,33.6,4,2.0
2022-10-18,59.6,57.9,0.0,13.4,4,3.0
2022-10-19,60.9,63.2,0.0,13.3,5,1.0
2022-10-20,61.0,73.5,0.0,8.9,5,0.0
2022-10-21,66.4,78.2,0.0,6.7,7,1.0
2022-10-22,69.6,83.7,0.0,11.2,6,0.0
2022-10-23,68.4,72.6,0.016,11.2,5,0.0
2022-10-24,62.7,64.3,0.0,11.2,7,0.0
2022-10-25,63.0,66.3,0.0,8.9,6,1.0
2022-10-26,62.8,76.9,0.0,4.5,2,4.0
2022-10-27,63.2,96.9,0.098,6.7,1,1.0
2022-10-28,64.3,85.2,0.076,8.9,1,3.0
2022-10-29,64.4,80.3,0.004,11.2,4,0.0
2022-10-30,65.8,78.0,0.028,8.9,5,2.0
2022-10-31,65.0,78.2,0.012,11.2,5,2.0
2022-11-01,65.7,72.8,0.0,11.2,7,1.0
2022-11-02,65.5,74.4,0.004,11.1,4,0.0
2022-11-03,64.2,76.2,0.013,8.8,4,1.0
2022-11-04,60.6,71.7,0.01,9.0,1,0.0
2022-11-05,57.4,68.6,0.0,8.9,3,1.0
2022-11-06,56.8,79.1,0.0,6.7,4,0.0
2022-11-07,60.6,78.2,0.0,11.2,7,1.0
2022-11-08,62.1,80.2,0.0,11.1,7,3.0
2022-11-09,65.4,84.4,0.0,11.2,6,1.0
2022-11-10,69.3,85.8,0.002,4.5,6,1.0
2022-11-11,71.6,88.9,0.024,8.9,5,0.0
2022-11-12,73.5,85.8,0.0,11.2,6,0.0
2022-11-13,62.6,85.1,0.037,11.2,2,1.0
2022-11-14,56.2,79.9,0.003,8.9,2,0.0
2022-11-15,54.0,87.7,0.139,8.9,3,1.0
2022-11-16,55.7,86.7,0.052,4.5,5,0.0
2022-11-17,60.5,96.9,0.691,6.7,3,0.0
2022-11-18,63.7,94.8,0.542,4.5,2,0.0
2022-11-19,64.9,98.0,0.325,8.8,2,0.0
2022-11-20,63.7,85.0,0.0,11.2,4,0.0
2022-11-21,63.0,81.4,0.0,6.7,6,3.0
2022-11-22,63.6,86.6,0.018,17.1,4,1.0
2022-11-23,62.3,78.3,0.016,13.4,4,1.0
2022-11-24,61.4,81.4,0.0,6.7,4,2.0
2022-11-25,63.8,80.9,0.008,6.7,3,0.0
2022-11-26,64.0,79.6,0.0,6.8,5,2.0
2022-11-27,58.9,94.7,0.04,11.2,3,2.0
2022-11-28,66.4,94.0,0.443,17.9,2,3.0
2022-11-29,59.5,95.6,1.209,13.4,1,2.0
2022-11-30,42.4,89.9,0.802,17.9,1,0.0
2022-12-01,36.9,90.2,0.321,13.4,1,1.0
2022-12-02,39.9,85.1,0.218,8.9,1,0.0
2022-12-03,45.7,96.7,0.512,8.8,1,1.0
2022-12-04,49.7,96.7,0.653,11.2,0,0.0
2022-12-05,46.8,89.5,0.585,13.4,1,1.0
2022-12-06,47.0,79.9,0.0,8.9,4,0.0
2022-12-07,50.8,79.7,0.0,8.9,5,1.0
2022-12-08,53.8,84.6,0.0,8.9,2,0.0
2022-12-09,53.8,94.2,0.068,6.7,1,0.0
2022-12-10,53.1,87.1,0.002,13.3,3,1.0
2022-12-11,49.5,69.2,0.0,13.4,3,0.0
2022-12-12,45.9,68.5,0.0,11.2,4,1.0
2022-12-13,45.8,52.4,0.0,13.4,6,0.0
2022-12-14,44.5,50.4,0.0,9.1,5,0.0
2022-12-15,43.9,69.5,0.0,8.9,6,1.0
2022-12-16,50.9,77.4,0.049,11.2,1,0.0
2022-12-17,39.2,61.3,0.255,24.6,4,0.0
2022-12-18,34.3,40.6,0.0,20.1,6,0.0
2022-12-19,37.3,57.3,0.0,6.7,6,0.0
2022-12-20,43.7,68.3,0.0,13.4,6,0.0
2022-12-21,49.4,52.9,0.012,20.1,6,0.0
2022-12-22,41.4,51.5,0.0,19.1,6,0.0
2022-12-23,36.1,32.0,0.0,20.1,6,0.0
2022-12-24,36.3,48.3,0.0,19.8,6,0.0
2022-12-25,37.0,53.8,0.0,13.4,6,0.0
2022-12-26,38.9,69.0,0.0,8.9,6,1.0
2022-12-27,40.8,74.0,0.0,6.7,5,0.0
2022-12-28,43.4,69.6,0.0,11.1,4,0.0
2022-12-29,39.7,87.4,0.194,8.9,2,5.0
2022-12-30,40.5,81.0,0.0,9.1,2,1.0
2022-12-31,39.1,76.3,0.0,6.7,6,0.0
2023-01-01,41.5,82.3,0.0,4.6,3,0.0
2023-01-02,44.7,79.0,0.062,8.9,1,0.0
2023-01-03,42.4,83.9,0.044,6.8,4,1.0
2023-01-04,41.2,80.2,0.0,8.9,6,0.0
2023-01-05,49.8,79.8,0.004,4.5,3,0.0
2023-01-06,52.9,71.6,0.004,11.1,6,0.0
2023-01-07,47.6,67.0,0.0,4.5,6,0.0
2023-01-08,49.7,65.8,0.0,13.4,6,0.0
2023-01-09,50.5,76.6,0.0,11.1,6,2.0
2023-01-10,50.1,73.2,0.004,8.9,4,0.0
2023-01-11,54.1,79.7,0.016,11.0,5,1.0
2023-01-12,62.6,86.9,0.025,13.4,5,0.0
2023-01-13,63.9,96.2,0.298,8.9,2,0.0
2023-01-14,53.1,96.7,0.397,15.7,1,0.0
2023-01-15,35.1,83.1,0.179,19.2,2,2.0
2023-01-16,34.3,63.3,0.0,15.7,6,0.0
2023-01-17,38.3,53.4,0.0,11.2,6,2.0
2023-01-18,40.5,51.9,0.0,13.4,7,0.0
2023-01-19,41.0,60.1,0.0,4.5,7,0.0
2023-01-20,45.2,64.2,0.0,11.2,7,0.0
2023-01-21,46.8,72.3,0.029,11.2,6,0.0
2023-01-22,48.1,87.3,0.113,11.2,4,0.0
2023-01-23,45.4,92.9,0.327,11.2,1,1.0
2023-01-24,35.1,58.1,0.028,29.1,6,1.0
2023-01-25,30.1,60.1,0.0,8.9,5,0.0
2023-01-26,38.9,62.4,0.0,13.4,6,0.0
2023-01-27,38.0,44.2,0.0,20.1,7,1.0
2023-01-28,34.2,48.9,0.0,15.7,7,1.0
2023-01-29,37.9,49.1,0.0,13.3,7,4.0
2023-01-30,42.0,51.2,0.0,8.8,7,0.0
2023-01-31,50.9,46.2,0.0,8.9,7,1.0
2023-02-01,47.2,69.1,0.0,15.7,6,0.0
2023-02-02,43.4,69.0,0.0,11.2,2,2.0
2023-02-03,41.9,81.8,0.036,6.7,4,0.0
2023-02-04,43.5,76.4,0.04,6.7,4,0.0
2023-02-05,45.8,91.4,0.283,4.5,1,3.0
2023-02-06,50.0,96.6,0.425,8.9,2,0.0
2023-02-07,49.6,88.5,0.188,8.9,2,4.0
2023-02-08,47.2,87.3,0.036,6.7,1,4.0
2023-02-09,49.8,95.7,0.663,11.2,2,0.0
2023-02-10,48.5,84.0,0.02,13.4,2,1.0
2023-02-11,49.7,96.5,0.354,6.7,2,2.0
2023-02-12,58.7,90.3,0.13,13.4,3,3.0
2023-02-13,46.7,91.5,0.367,13.4,1,1.0
2023-02-14,41.7,66.7,0.022,15.7,5,2.0
2023-02-15,42.6,62.0,0.0,11.2,6,0.0
2023-02-16,43.2,70.6,0.0,8.9,7,1.0
2023-02-17,49.8,72.6,0.0,8.9,7,1.0
2023-02-18,59.7,73.7,0.0,9.0,7,1.0
2023-02-19,52.8,70.3,0.004,15.7,6,4.0
2023-02-20,44.7,57.4,0.0,13.4,8,0.0
2023-02-21,42.2,61.8,0.0,11.2,4,0.0
2023-02-22,45.2,66.1,0.0,9.0,5,1.0
2023-02-23,45.8,77.0,0.018,8.9,3,3.0
2023-02-24,43.8,85.5,0.077,9.0,2,0.0
2023-02-25,45.0,69.7,0.0,11.2,7,0.0
2023-02-26,40.3,64.0,0.0,8.9,5,4.0
2023-02-27,44.5,70.3,0.0,11.2,7,9.0
2023-02-28,54.6,72.3,0.055,15.7,8,6.0
2023-03-01,57.1,63.9,0.098,13.4,7,1.0
2023-03-02,48.1,59.9,0.0,8.9,8,0.0
2023-03-03,47.6,66.7,0.0,22.4,8,0.0
2023-03-04,51.9,62.1,0.0,8.9,8,0.0
2023-03-05,52.9,61.7,0.0,8.9,8,2.0
2023-03-06,58.1,51.9,0.0,11.2,9,1.0
2023-03-07,62.0,48.7,0.0,15.7,8,1.0
2023-03-08,65.8,56.8,0.012,8.9,8,3.0
2023-03-09,67.5,66.4,0.025,11.2,8,1.0
2023-03-10,66.0,57.6,0.0,15.7,9,3.0
2023-03-11,66.8,59.9,0.012,15.7,6,1.0
2023-03-12,56.9,76.0,0.001,17.9,2,7.0
2023-03-13,49.0,53.0,0.0,13.4,9,2.0
2023-03-14,54.5,53.6,0.0,20.1,9,5.0
2023-03-15,61.8,57.1,0.0,11.2,9,5.0
2023-03-16,52.1,76.8,0.0,8.9,5,5.0
2023-03-17,50.0,85.6,0.138,13.4,1,0.0
2023-03-18,48.9,79.4,0.01,11.2,5,2.0
2023-03-19,49.3,85.5,0.156,8.9,1,3.0
2023-03-20,55.2,88.7,0.128,6.7,7,0.0
2023-03-21,58.6,94.9,0.705,8.8,4,2.0
2023-03-22,61.8,96.8,0.284,8.9,4,0.0
2023-03-23,59.1,86.2,0.012,11.2,3,0.0
2023-03-24,49.2,86.7,0.153,8.9,3,0.0
2023-03-25,46.5,85.1,0.082,8.9,2,0.0
2023-03-26,51.7,67.6,0.003,11.2,9,0.0
2023-03-27,52.0,64.8,0.0,6.7,8,1.0
2023-03-28,54.3,56.9,0.0,11.2,9,0.0
2023-03-29,54.7,77.0,0.019,8.9,1,0.0
2023-03-30,52.2,96.5,0.174,8.9,1,0.0
2023-03-31,54.7,94.6,0.012,6.7,4,12.0
2023-04-01,59.5,81.7,0.0,6.7,4,0.0
2023-04-02,61.6,71.2,0.0,8.9,9,1.0
2023-04-03,62.1,70.7,0.06,20.0,7,4.0
2023-04-04,67.0,85.6,1.234,22.4,6,1.0
2023-04-05,60.7,85.7,0.043,11.2,2,2.0
2023-04-06,53.6,83.9,0.4,8.9,2,1.0
2023-04-07,57.9,72.6,0.051,15.7,7,0.0
2023-04-08,56.6,59.2,0.0,8.9,10,0.0
2023-04-09,58.1,55.6,0.0,13.4,10,2.0
2023-04-10,65.8,63.7,0.0,17.9,9,2.0
2023-04-11,69.6,79.8,0.03,13.3,7,2.0
2023-04-12,64.9,52.9,0.0,8.9,9,2.0
2023-04-13,61.8,65.0,0.187,13.4,7,1.0
2023-04-14,68.9,87.8,0.322,6.7,3,0.0
2023-04-15,68.0,74.6,0.155,13.4,7,0.0
2023-04-16,71.7,64.6,0.0,11.2,9,0.0
2023-04-17,72.9,72.4,0.0,17.9,9,3.0
2023-04-18,77.1,68.0,0.12,15.7,8,1.0
2023-04-19,67.2,94.5,1.019,8.9,5,1.0
2023-04-20,65.7,88.9,0.012,8.9,4,0.0
2023-04-21,64.2,79.0,0.0,13.4,7,5.0
2023-04-22,60.0,64.8,0.012,8.9,7,0.0
2023-04-23,61.9,73.2,0.021,8.9,2,1.0
2023-04-24,56.9,93.2,0.45,11.2,2,0.0
2023-04-25,57.4,85.0,0.045,8.9,4,2.0
2023-04-26,62.6,64.5,0.0,8.9,6,1.0
2023-04-27,63.0,68.1,0.0,15.7,10,1.0
2023-04-28,69.5,72.8,0.102,11.2,8,0.0
2023-04-29,64.2,80.2,0.293,13.4,5,1.0
2023-04-30,64.3,58.7,0.02,8.9,10,2.0
2023-05-01,67.5,49.9,0.0,17.7,10,0.0
2023-05-02,67.1,64.2,0.008,17.9,9,0.0
2023-05-03,75.3,78.5,0.007,17.9,5,0.0
2023-05-04,78.6,74.6,0.068,17.9,9,1.0
2023-05-05,78.8,75.6,0.161,13.4,3,0.0
2023-05-06,67.4,90.4,0.27,8.9,1,0.0
2023-05-07,61.9,84.9,0.43,15.7,5,0.0
2023-05-08,61.1,81.5,0.053,11.2,5,1.0
2023-05-09,62.8,63.6,0.0,8.9,10,1.0
2023-05-10,64.6,52.9,0.0,11.2,8,1.0
2023-05-11,63.1,59.5,0.074,6.7,5,1.0
2023-05-12,67.6,63.5,0.001,6.7,6,1.0
2023-05-13,72.5,61.2,0.0,6.7,8,2.0
2023-05-14,75.9,59.4,0.0,6.7,9,4.0
2023-05-15,78.9,49.5,0.0,15.7,10,2.0
2023-05-16,77.7,63.1,0.0,20.1,9,2.0
2023-05-17,71.7,88.7,1.574,17.9,3,1.0
2023-05-18,72.7,83.1,0.262,15.7,7,1.0
2023-05-19,70.3,74.8,0.0,9.0,6,0.0
2023-05-20,71.4,79.6,0.0,13.4,6,1.0
2023-05-21,74.9,82.3,0.006,8.9,5,1.0
2023-05-22,66.9,83.8,0.299,15.6,1,0.0
2023-05-23,69.3,56.0,0.0,13.3,10,4.0
2023-05-24,64.6,72.2,0.076,8.9,4,0.0
2023-05-25,71.4,74.2,0.0,11.2,8,0.0
2023-05-26,78.0,73.6,0.001,8.9,7,2.0
2023-05-27,80.7,73.9,0.138,20.1,5,2.0
2023-05-28,83.0,65.3,0.0,15.7,9,1.0
2023-05-29,86.3,66.4,0.0,13.4,9,1.0
2023-05-30,82.6,76.8,0.0,6.9,8,0.0
2023-05-31,77.2,82.9,0.012,8.9,5,1.0
2023-06-01,75.7,88.9,0.073,8.9,4,0.0
2023-06-02,82.2,66.0,0.0,13.4,9,0.0
2023-06-03,76.1,69.5,0.0,11.2,9,1.0
2023-06-04,75.4,64.6,0.007,13.5,7,1.0
2023-06-05,80.2,74.5,0.051,13.3,5,3.0
2023-06-06,72.0,83.1,0.028,11.1,7,0.0
2023-06-07,74.2,88.5,1.77,15.7,3,1.0
2023-06-08,74.5,91.6,1.143,8.9,3,0.0
2023-06-09,79.9,75.4,0.005,8.9,9,0.0
2023-06-10,81.6,75.5,0.004,11.2,9,0.0
2023-06-11,81.1,76.5,0.032,11.2,8,0.0
2023-06-12,78.6,79.6,0.004,8.9,5,0.0
2023-06-13,77.4,83.9,0.084,11.2,4,0.0
2023-06-14,78.8,76.5,0.076,11.2,9,0.0
2023-06-15,79.8,71.6,0.0,8.9,8,0.0
2023-06-16,75.3,82.2,0.545,13.4,7,0.0
2023-06-17,75.6,90.6,0.682,11.2,3,5.0
2023-06-18,79.5,91.1,0.599,6.7,6,0.0
2023-06-19,83.1,84.2,0.852,11.2,6,0.0
2023-06-20,80.6,90.5,1.113,8.9,5,0.0
2023-06-21,81.7,78.8,0.055,8.9,2,0.0
2023-06-22,79.9,77.0,0.002,8.9,8,0.0
2023-06-23,70.5,88.7,1.046,13.4,1,1.0
2023-06-24,75.4,93.4,1.051,6.7,2,5.0
2023-06-25,83.2,82.3,0.075,13.4,6,0.0
2023-06-26,84.0,77.0,0.012,17.9,9,1.0
2023-06-27,82.8,83.9,0.009,11.2,4,5.0
2023-06-28,87.4,74.0,0.0,15.7,9,2.0
2023-06-29,89.6,69.8,0.044,15.5,8,2.0
2023-06-30,86.0,75.0,1.211,13.4,4,0.0
2023-07-01,85.5,81.5,1.402,8.9,7,1.0
2023-07-02,87.6,77.4,0.359,11.2,8,0.0
2023-07-03,90.0,72.2,0.256,8.9,8,1.0
2023-07-04,91.7,65.2,0.0,11.2,9,0.0
2023-07-05,86.0,79.0,0.01,8.9,4,4.0
2023-07-06,90.0,71.1,0.075,15.7,7,3.0
2023-07-07,93.0,62.3,0.0,13.4,9,0.0
2023-07-08,94.4,59.6,0.004,15.7,8,3.0
2023-07-09,90.8,66.7,0.027,11.2,7,3.0
2023-07-10,85.4,78.1,0.306,15.7,7,2.0
2023-07-11,88.5,72.5,0.0,13.4,9,5.0
2023-07-12,90.6,68.6,0.004,13.4,9,0.0
2023-07-13,90.4,66.8,0.0,15.5,8,0.0
2023-07-14,90.2,65.3,0.0,15.7,9,3.0
2023-07-15,90.5,65.1,0.004,17.9,9,1.0
2023-07-16,88.2,73.4,0.074,17.9,8,1.0
2023-07-17,86.9,74.3,0.069,13.4,7,6.0
2023-07-18,85.5,79.0,0.261,8.9,8,1.0
2023-07-19,83.7,86.1,0.247,8.9,6,1.0
2023-07-20,82.2,91.0,0.202,6.7,8,0.0
2023-07-21,82.0,91.0,0.748,11.2,5,1.0
2023-07-22,84.6,83.9,0.901,13.4,4,2.0
2023-07-23,84.0,84.3,0.092,8.9,6,1.0
2023-07-24,81.9,89.2,0.127,11.2,4,1.0
2023-07-25,85.9,76.0,0.04,15.7,8,1.0
2023-07-26,84.0,82.0,0.03,15.7,6,2.0
2023-07-27,79.3,93.4,0.606,6.7,2,3.0
2023-07-28,81.0,92.7,0.769,17.9,3,4.0
2023-07-29,80.1,92.5,0.134,15.7,2,0.0
2023-07-30,82.9,83.7,0.059,15.7,5,0.0
2023-07-31,84.8,79.0,0.059,11.2,8,4.0
2023-08-01,82.0,88.9,0.177,8.9,6,2.0
2023-08-02,85.4,81.1,0.092,11.2,8,1.0
2023-08-03,84.8,82.5,0.003,13.4,7,3.0
2023-08-04,84.6,82.9,0.063,13.4,7,1.0
2023-08-05,85.4,81.9,0.04,13.4,8,2.0
2023-08-06,87.3,75.4,0.0,8.9,9,3.0
2023-08-07,85.5,81.2,0.001,8.9,6,2.0
2023-08-08,84.6,81.9,0.056,8.9,8,2.0
2023-08-09,85.9,74.2,0.276,13.4,9,0.0
2023-08-10,86.9,72.1,0.001,11.2,9,1.0
2023-08-11,87.2,70.5,0.004,8.9,9,0.0
2023-08-12,88.3,71.3,0.0,13.4,9,0.0
2023-08-13,86.4,74.7,0.001,20.1,8,0.0
2023-08-14,86.1,75.0,0.028,11.2,7,3.0
2023-08-15,82.4,85.9,0.277,11.2,5,3.0
2023-08-16,84.0,79.0,0.04,13.4,7,1.0
2023-08-17,82.5,81.5,0.724,17.9,7,1.0
2023-08-18,79.1,82.7,0.09,11.2,5,0.0
2023-08-19,82.9,79.4,0.015,13.3,8,0.0
2023-08-20,85.0,78.1,0.063,13.4,7,3.0
2023-08-21,86.8,72.4,0.004,15.7,9,4.0
2023-08-22,83.1,84.1,0.467,13.3,6,3.0
2023-08-23,81.7,84.0,0.198,8.9,3,2.0
2023-08-24,83.4,80.4,0.17,8.9,6,0.0
2023-08-25,83.8,81.8,0.875,11.2,6,1.0
2023-08-26,83.7,83.1,0.465,11.2,7,0.0
2023-08-27,85.1,77.2,0.002,15.7,7,0.0
2023-08-28,83.5,81.3,1.209,15.7,4,0.0
2023-08-29,74.9,93.5,0.849,8.9,3,2.0
2023-08-30,74.6,93.0,0.251,11.2,2,2.0
2023-08-31,76.2,80.9,0.021,11.2,5,0.0
2023-09-01,79.4,73.0,0.0,13.4,7,1.0
2023-09-02,78.8,82.7,0.017,8.9,6,1.0
2023-09-03,79.9,89.5,0.007,8.9,5,2.0
2023-09-04,81.3,87.0,0.374,15.7,8,2.0
2023-09-05,80.7,92.0,0.013,8.9,6,1.0
2023-09-06,81.7,82.8,0.015,8.9,2,1.0
2023-09-07,81.3,80.2,0.024,8.9,7,3.0
2023-09-08,81.0,74.9,0.0,8.9,9,0.0
2023-09-09,79.3,72.9,0.0,13.4,7,1.0
2023-09-10,80.7,71.1,0.0,8.9,9,2.0
2023-09-11,82.9,72.4,0.0,11.2,9,1.0
2023-09-12,83.1,73.2,0.0,13.4,7,0.0
2023-09-13,81.9,77.1,0.059,13.4,4,0.0
2023-09-14,76.5,89.0,0.307,6.7,4,0.0
2023-09-15,80.8,82.0,0.075,13.4,5,0.0
2023-09-16,79.4,87.8,0.277,6.7,4,1.0
2023-09-17,81.3,78.9,0.004,8.9,8,1.0
2023-09-18,84.0,77.8,0.012,13.4,8,1.0
2023-09-19,86.0,71.4,0.016,15.7,8,1.0
2023-09-20,85.1,71.2,0.344,13.4,7,1.0
2023-09-21,75.1,91.4,0.231,8.9,2,1.0
2023-09-22,72.3,93.5,0.008,6.7,2,2.0
2023-09-23,73.5,88.3,0.004,8.9,2,2.0
2023-09-24,77.9,84.7,0.0,6.7,5,2.0
2023-09-25,80.3,83.9,0.008,11.1,6,0.0
2023-09-26,80.5,81.8,0.02,6.7,5,2.0
2023-09-27,81.8,75.6,0.0,11.2,6,1.0
2023-09-28,81.8,77.4,0.012,6.7,6,0.0
2023-09-29,82.5,75.5,0.016,11.2,6,0.0
2023-09-30,77.1,87.0,0.048,11.2,4,0.0
2023-10-01,75.6,68.6,0.005,11.2,6,1.0
2023-10-02,73.1,69.0,0.0,8.9,8,0.0
2023-10-03,75.2,71.7,0.0,8.9,6,1.0
2023-10-04,76.2,73.2,0.006,11.2,5,0.0
2023-10-05,72.7,65.3,0.028,13.4,5,1.0
2023-10-06,70.4,71.3,0.09,8.9,2,1.0
2023-10-07,64.7,92.0,0.523,6.8,1,0.0
2023-10-08,68.1,82.6,0.126,11.2,3,0.0
2023-10-09,68.5,78.0,0.025,11.2,4,1.0
2023-10-10,70.6,68.2,0.022,11.2,7,3.0
2023-10-11,66.0,86.5,0.077,8.9,5,5.0
2023-10-12,68.5,79.7,0.098,11.2,5,0.0
2023-10-13,66.5,90.7,0.005,8.9,1,0.0
2023-10-14,66.4,78.3,0.0,8.9,7,1.0
2023-10-15,67.7,69.2,0.0,6.7,8,3.0
2023-10-16,67.4,63.9,0.0,11.2,7,0.0
2023-10-17,67.1,63.6,0.0,6.7,8,3.0
2023-10-18,68.8,71.8,0.0,11.2,8,0.0
2023-10-19,73.2,71.2,0.006,11.1,7,0.0
2023-10-20,62.8,82.9,0.542,15.7,3,0.0
2023-10-21,63.0,62.0,0.004,8.9,6,0.0
2023-10-22,64.1,69.4,0.0,11.2,7,1.0
2023-10-23,68.7,73.4,0.0,11.2,6,2.0
2023-10-24,71.7,75.3,0.012,6.7,6,2.0
2023-10-25,72.3,78.9,0.0,4.5,6,1.0
2023-10-26,71.7,78.3,0.072,4.5,4,0.0
2023-10-27,69.1,70.6,0.008,6.7,6,0.0
2023-10-28,68.7,66.4,0.004,6.7,5,1.0
2023-10-29,66.7,71.1,0.0,11.1,7,2.0
2023-10-30,69.4,68.2,0.004,8.9,6,1.0
2023-10-31,69.4,70.0,0.0,11.1,7,0.0
2023-11-01,69.3,64.9,0.0,13.4,7,1.0
2023-11-02,70.0,69.4,0.0,15.5,7,0.0
2023-11-03,73.1,70.4,0.0,6.7,6,0.0
2023-11-04,73.9,77.9,1.156,13.4,5,0.0
2023-11-05,75.6,77.9,0.056,22.2,4,0.0
2023-11-06,63.5,60.5,0.17,15.7,5,0.0
2023-11-07,57.1,59.6,0.0,6.7,7,4.0
2023-11-08,59.2,77.9,0.024,8.9,6,0.0
2023-11-09,65.8,85.9,0.819,17.7,5,0.0
2023-11-10,60.5,86.2,0.426,11.2,1,0.0
2023-11-11,56.8,91.1,0.101,8.9,3,4.0
2023-11-12,53.5,83.5,0.083,13.4,4,0.0
2023-11-13,48.3,54.7,0.0,13.4,6,0.0
2023-11-14,51.1,69.6,0.0,4.5,6,1.0
2023-11-15,53.1,71.9,0.0,4.5,7,0.0
2023-11-16,53.8,71.6,0.34,20.1,5,1.0
2023-11-17,53.3,41.5,0.0,17.9,7,0.0
2023-11-18,50.7,40.6,0.0,11.2,7,0.0
2023-11-19,52.0,55.7,0.0,4.5,7,2.0
2023-11-20,54.4,62.8,0.0,4.5,7,4.0
2023-11-21,57.6,66.0,0.0,8.9,6,2.0
2023-11-22,60.5,65.2,0.0,6.7,6,1.0
2023-11-23,61.6,61.9,0.0,13.4,6,0.0
2023-11-24,52.9,57.3,0.0,11.2,6,0.0
2023-11-25,51.5,72.1,0.0,6.7,3,1.0
2023-11-26,55.8,72.9,0.0,4.5,5,0.0
2023-11-27,60.0,59.2,0.0,11.2,6,1.0
2023-11-28,55.4,60.1,0.0,11.2,6,0.0
2023-11-29,59.9,55.8,0.0,11.2,6,0.0
2023-11-30,52.5,60.7,0.0,11.3,5,0.0
2023-12-01,44.9,43.1,0.0,15.8,6,0.0
2023-12-02,45.7,53.4,0.0,4.5,6,1.0
2023-12-03,48.5,60.1,0.008,6.7,4,0.0
2023-12-04,48.3,87.9,0.084,4.5,1,1.0
2023-12-05,52.2,74.6,0.0,8.9,6,2.0
2023-12-06,52.5,62.9,0.0,13.5,6,0.0
2023-12-07,53.7,59.4,0.0,11.2,6,0.0
2023-12-08,58.9,56.2,0.0,11.2,6,0.0
2023-12-09,64.8,60.1,0.016,8.9,3,0.0
2023-12-10,64.7,70.9,0.005,6.7,3,0.0
2023-12-11,56.0,87.5,0.076,17.9,2,1.0
2023-12-12,45.5,78.7,0.009,15.7,4,3.0
2023-12-13,52.3,72.3,0.0,13.4,5,2.0
2023-12-14,64.5,73.4,0.0,13.4,6,0.0
2023-12-15,51.2,84.4,0.153,17.9,2,0.0
2023-12-16,36.0,65.0,0.176,20.1,5,1.0
2023-12-17,34.6,45.0,0.0,15.7,6,0.0
2023-12-18,38.9,78.3,0.467,6.7,1,1.0
2023-12-19,39.2,89.8,0.428,13.4,1,0.0
2023-12-20,37.6,62.4,0.016,17.9,5,0.0
2023-12-21,30.9,45.8,0.0,17.9,6,0.0
2023-12-22,28.0,49.1,0.0,15.7,6,0.0
2023-12-23,32.5,60.9,0.0,6.7,5,6.0
2023-12-24,35.9,55.0,0.0,11.2,6,2.0
2023-12-25,36.1,62.1,0.0,9.1,6,0.0
2023-12-26,39.8,64.4,0.0,11.2,5,1.0
2023-12-27,46.3,73.7,0.0,4.7,6,1.0
2023-12-28,48.2,80.7,0.0,6.7,5,0.0
2023-12-29,50.4,80.9,0.0,4.5,6,0.0
2023-12-30,52.6,76.8,0.0,8.9,6,0.0
2023-12-31,50.4,58.3,0.0,13.4,6,0.0
2024-01-01,44.8,64.2,0.0,8.9,3,1.0
2024-01-02,45.5,75.9,0.003,8.9,6,0.0
2024-01-03,44.2,77.4,0.073,15.7,5,1.0
2024-01-04,42.2,68.1,0.0,11.2,6,0.0
2024-01-05,49.0,60.7,0.001,6.7,6,0.0
2024-01-06,48.5,71.4,0.0,11.2,6,0.0
2024-01-07,46.0,70.3,0.0,8.9,5,0.0
2024-01-08,43.0,78.9,0.006,6.7,5,1.0
2024-01-09,51.0,75.7,0.0,11.1,6,3.0
2024-01-10,45.2,63.3,0.0,17.9,5,1.0
2024-01-11,41.0,64.6,0.0,4.5,6,1.0
2024-01-12,48.3,56.4,0.0,4.5,6,1.0
2024-01-13,50.6,56.8,0.0,8.9,6,5.0
2024-01-14,55.3,52.4,0.0,13.4,6,3.0
2024-01-15,45.2,72.3,0.0,9.0,5,3.0
2024-01-16,47.4,62.7,0.0,13.3,5,0.0
2024-01-17,55.5,69.0,0.0,15.5,6,0.0
2024-01-18,51.3,80.3,0.016,8.9,5,0.0
2024-01-19,49.3,94.4,0.124,6.7,2,0.0
2024-01-20,44.8,88.7,0.267,17.9,1,0.0
2024-01-21,41.3,84.7,0.011,13.4,3,0.0
2024-01-22,34.7,58.1,0.003,15.7,2,2.0
2024-01-23,30.0,49.8,0.0,17.9,7,1.0
2024-01-24,33.1,40.4,0.0,15.7,7,1.0
2024-01-25,37.9,42.3,0.0,13.3,7,0.0
2024-01-26,38.0,52.5,0.0,8.9,6,0.0
2024-01-27,40.0,53.0,0.0,8.9,6,1.0
2024-01-28,39.2,58.0,0.0,11.2,7,0.0
2024-01-29,43.4,72.2,0.245,6.7,2,2.0
2024-01-30,50.6,89.5,0.248,6.6,3,0.0
2024-01-31,56.6,89.8,0.111,8.9,4,5.0
2024-02-01,51.4,91.5,0.329,11.2,2,1.0
2024-02-02,43.0,90.0,0.549,8.9,1,0.0
2024-02-03,43.0,91.3,0.138,11.2,1,0.0
2024-02-04,42.1,90.9,0.385,11.2,1,0.0
2024-02-05,38.8,74.2,0.014,15.7,5,2.0
2024-02-06,35.4,88.2,0.429,6.7,1,2.0
2024-02-07,37.2,87.6,0.085,11.1,2,1.0
2024-02-08,39.1,68.6,0.0,11.2,6,0.0
2024-02-09,40.6,67.4,0.0,8.9,7,0.0
2024-02-10,44.9,67.0,0.0,6.7,7,0.0
2024-02-11,47.7,63.6,0.0,11.2,7,0.0
2024-02-12,50.2,63.5,0.0,17.8,8,0.0
2024-02-13,59.1,68.0,0.004,17.9,6,1.0
2024-02-14,63.5,72.1,0.008,6.7,7,3.0
2024-02-15,50.4,83.5,0.228,15.7,2,4.0
2024-02-16,44.7,65.9,0.064,8.9,6,1.0
2024-02-17,53.4,69.8,0.0,13.4,6,2.0
2024-02-18,65.2,70.7,0.005,15.7,6,0.0
2024-02-19,63.1,76.0,0.008,11.2,7,1.0
2024-02-20,49.4,93.8,0.02,6.7,2,1.0
2024-02-21,46.9,92.1,0.66,13.4,3,0.0
2024-02-22,37.5,88.9,1.689,13.3,1,1.0
2024-02-23,35.6,86.7,0.312,13.4,3,0.0
2024-02-24,36.2,85.2,0.33,15.5,1,5.0
2024-02-25,34.6,72.3,0.016,15.7,5,3.0
2024-02-26,39.7,71.8,0.031,11.2,3,2.0
2024-02-27,43.4,69.1,0.0,8.9,6,2.0
2024-02-28,42.7,93.1,1.116,6.7,1,2.0
2024-02-29,43.5,86.8,1.171,15.7,1,0.0
2024-03-01,42.0,70.2,0.05,13.4,4,0.0
2024-03-02,39.9,63.7,0.0,8.9,8,0.0
2024-03-03,45.9,63.9,0.0,15.7,8,1.0
2024-03-04,54.6,77.7,0.117,13.4,4,2.0
2024-03-05,54.4,90.9,0.735,13.4,4,1.0
2024-03-06,48.3,78.4,0.068,15.5,6,0.0
2024-03-07,47.4,61.1,0.0,13.4,8,0.0
2024-03-08,48.6,53.5,0.0,15.7,9,0.0
2024-03-09,46.4,57.8,0.0,8.9,9,1.0
2024-03-10,48.7,68.3,0.0,13.4,9,3.0
2024-03-11,50.2,89.1,0.491,6.7,3,5.0
2024-03-12,52.7,75.4,0.048,13.4,8,1.0
2024-03-13,49.2,59.1,0.0,13.4,8,0.0
2024-03-14,55.2,63.1,0.0,4.5,4,2.0
2024-03-15,54.4,82.6,0.01,11.1,2,1.0
2024-03-16,62.6,81.5,0.071,8.9,6,0.0
2024-03-17,57.8,83.7,0.028,11.2,1,0.0
2024-03-18,48.6,79.4,0.073,8.9,2,2.0
2024-03-19,54.7,62.8,0.031,13.4,9,0.0
2024-03-20,54.4,52.3,0.0,11.1,9,0.0
2024-03-21,56.1,54.2,0.0,17.7,9,0.0
2024-03-22,65.0,61.0,0.0,13.4,8,0.0
2024-03-23,70.6,68.6,0.094,11.2,7,5.0
2024-03-24,72.4,80.4,0.104,11.2,7,1.0
2024-03-25,66.9,79.8,0.536,17.9,6,1.0
2024-03-26,56.2,69.1,0.001,24.4,6,2.0
2024-03-27,55.1,78.3,0.0,17.9,8,1.0
2024-03-28,57.5,84.8,0.535,15.7,4,0.0
2024-03-29,65.9,67.9,0.0,13.4,9,3.0
2024-03-30,70.6,61.5,0.0,13.4,8,1.0
2024-03-31,63.2,81.8,0.444,13.4,2,0.0
2024-04-01,65.9,75.3,0.036,17.9,9,0.0
2024-04-02,70.8,79.7,0.389,17.9,8,0.0
2024-04-03,69.8,77.2,0.708,17.9,5,0.0
2024-04-04,55.8,76.3,0.343,8.9,2,0.0
2024-04-05,56.3,73.7,0.106,8.9,9,0.0
2024-04-06,55.8,93.2,0.275,4.5,1,4.0
2024-04-07,57.7,92.2,0.082,6.7,2,0.0
2024-04-08,55.4,95.5,0.664,8.9,1,0.0
2024-04-09,60.1,63.2,0.0,8.9,10,1.0
2024-04-10,60.2,70.5,0.0,13.3,8,1.0
2024-04-11,66.0,77.4,0.051,11.2,5,1.0
2024-04-12,64.8,90.5,0.321,8.9,2,0.0
2024-04-13,66.4,85.0,0.027,8.9,5,0.0
2024-04-14,69.8,85.6,1.488,15.7,5,0.0
2024-04-15,72.8,80.6,0.004,11.2,5,2.0
2024-04-16,72.2,79.7,0.69,8.9,5,2.0
2024-04-17,63.2,93.7,0.492,8.9,1,2.0
2024-04-18,64.2,63.6,0.007,11.2,10,1.0
2024-04-19,62.2,69.1,0.094,15.7,5,1.0
2024-04-20,70.9,78.6,0.073,8.9,6,2.0
2024-04-21,63.8,87.7,0.624,6.7,6,2.0
2024-04-22,62.4,89.8,0.475,8.9,3,1.0
2024-04-23,61.9,91.0,0.569,8.9,2,4.0
2024-04-24,67.9,55.6,0.0,8.9,10,1.0
2024-04-25,64.3,55.9,0.015,13.3,4,2.0
2024-04-26,65.9,79.9,0.057,11.2,7,0.0
2024-04-27,67.0,84.6,0.0,11.2,4,2.0
2024-04-28,69.5,87.6,0.037,11.2,3,3.0
2024-04-29,72.8,81.9,0.273,13.4,4,0.0
2024-04-30,61.5,92.7,1.105,11.2,1,0.0
2024-05-01,61.3,69.9,0.066,11.2,4,2.0
2024-05-02,62.5,68.7,0.0,8.9,8,1.0
2024-05-03,65.0,68.5,0.0,11.2,8,0.0
2024-05-04,62.1,85.8,0.5,11.2,2,1.0
2024-05-05,70.1,87.5,0.058,13.4,3,0.0
2024-05-06,72.3,72.1,0.001,8.9,6,2.0
2024-05-07,70.8,77.0,0.008,11.2,7,4.0
2024-05-08,67.0,70.7,0.012,13.4,9,0.0
2024-05-09,63.5,66.6,0.0,13.4,8,1.0
2024-05-10,69.3,62.6,0.0,17.9,10,0.0
2024-05-11,72.1,85.1,0.821,11.2,5,1.0
2024-05-12,64.9,86.6,1.176,11.2,3,0.0
2024-05-13,65.8,61.2,0.0,8.9,10,1.0
2024-05-14,67.2,53.5,0.0,8.9,10,4.0
2024-05-15,67.6,62.2,0.0,17.9,10,0.0
2024-05-16,67.1,50.9,0.0,15.7,10,2.0
2024-05-17,72.3,54.4,0.0,15.6,10,3.0
2024-05-18,74.7,71.9,0.0,13.4,9,0.0
2024-05-19,73.4,74.9,0.0,13.3,9,0.0
2024-05-20,74.8,76.9,0.02,13.4,5,1.0
2024-05-21,73.4,76.2,0.009,13.4,6,1.0
2024-05-22,72.5,74.0,0.003,6.7,7,1.0
2024-05-23,74.8,75.0,0.004,11.2,6,0.0
2024-05-24,76.7,78.1,0.044,11.2,9,2.0
2024-05-25,76.2,81.8,0.002,17.9,4,1.0
2024-05-26,81.7,77.3,0.03,11.2,9,0.0
2024-05-27,70.3,93.9,1.542,13.4,2,5.0
2024-05-28,69.6,61.4,0.034,11.2,10,5.0
2024-05-29,68.6,65.0,0.0,13.4,10,4.0
2024-05-30,73.9,72.7,0.022,11.2,7,1.0
2024-05-31,69.1,92.9,0.461,6.7,2,2.0
2024-06-01,69.3,81.3,0.116,6.7,4,1.0
2024-06-02,72.0,59.9,0.018,11.2,6,1.0
2024-06-03,74.1,51.9,0.001,8.9,10,0.0
2024-06-04,74.6,65.1,0.0,8.9,10,1.0
2024-06-05,68.1,86.7,0.248,6.7,2,1.0
2024-06-06,65.4,91.8,0.095,4.5,2,3.0
2024-06-07,70.9,84.7,0.017,8.8,4,4.0
2024-06-08,76.0,78.1,0.007,6.7,8,0.0
2024-06-09,76.4,73.0,0.022,6.7,4,0.0
2024-06-10,69.9,95.2,0.869,8.9,1,2.0
2024-06-11,72.4,97.8,0.344,4.5,5,1.0
2024-06-12,75.5,87.9,0.101,8.9,5,2.0
2024-06-13,77.6,79.3,0.015,11.2,8,2.0
2024-06-14,79.5,78.0,0.003,11.2,8,1.0
2024-06-15,81.6,76.1,0.001,13.3,8,0.0
2024-06-16,79.9,79.4,0.025,13.3,8,3.0
2024-06-17,72.0,84.9,0.961,8.9,4,0.0
2024-06-18,73.2,81.2,0.03,17.9,9,1.0
2024-06-19,76.1,92.1,0.216,8.9,4,0.0
2024-06-20,79.6,91.0,0.683,13.3,3,0.0
2024-06-21,84.3,82.8,0.008,8.9,4,1.0
2024-06-22,88.8,72.4,0.087,11.1,8,1.0
2024-06-23,80.4,80.1,0.014,13.4,4,1.0
2024-06-24,76.6,95.2,1.461,8.8,2,0.0
2024-06-25,72.4,97.6,2.157,6.6,1,2.0
2024-06-26,75.2,96.4,0.498,6.7,3,2.0
2024-06-27,77.9,97.4,0.5,6.7,1,7.0
2024-06-28,79.9,90.4,0.359,8.9,3,4.0
2024-06-29,83.8,82.8,0.008,13.3,5,1.0
2024-06-30,85.1,80.2,0.43,13.4,6,1.0
2024-07-01,85.1,86.0,0.01,8.9,7,2.0
2024-07-02,88.7,71.9,0.0,17.9,9,4.0
2024-07-03,86.8,73.7,0.319,11.2,8,1.0
2024-07-04,90.6,66.4,0.0,13.4,9,2.0
2024-07-05,91.5,66.4,0.0,15.5,9,7.0
2024-07-06,90.6,66.9,0.0,13.4,9,0.0
2024-07-07,92.3,65.3,0.004,13.4,9,7.0
2024-07-08,89.4,65.9,0.044,13.4,9,2.0
2024-07-09,89.0,69.2,0.012,15.7,8,4.0
2024-07-10,92.1,63.5,0.008,13.4,8,1.0
2024-07-11,87.1,75.2,0.008,13.4,8,1.0
2024-07-12,82.3,87.5,0.241,8.9,6,1.0
2024-07-13,84.3,80.6,0.275,15.7,5,2.0
2024-07-14,82.5,81.3,0.47,22.1,3,0.0
2024-07-15,84.9,79.4,0.017,11.2,5,2.0
2024-07-16,88.5,69.1,0.0,17.9,9,0.0
2024-07-17,89.7,68.0,0.028,15.5,9,2.0
2024-07-18,88.8,70.8,0.212,26.5,9,0.0
2024-07-19,88.0,70.5,0.118,11.2,9,2.0
2024-07-20,89.1,68.9,0.0,17.7,9,3.0
2024-07-21,89.7,69.1,0.0,15.7,8,1.0
2024-07-22,89.7,66.4,0.0,17.9,9,2.0
2024-07-23,89.4,67.1,0.0,15.7,9,5.0
2024-07-24,87.6,71.9,0.027,17.9,8,1.0
2024-07-25,84.9,82.4,0.094,22.4,7,2.0
2024-07-26,81.7,90.6,0.937,22.2,5,1.0
2024-07-27,86.3,75.7,0.353,24.6,7,3.0
2024-07-28,87.9,69.6,0.012,20.1,9,0.0
2024-07-29,87.5,71.0,0.0,17.9,8,2.0
2024-07-30,87.9,70.9,0.0,15.7,8,1.0
2024-07-31,90.5,66.5,0.0,13.4,9,0.0
2024-08-01,92.6,63.5,0.035,11.2,9,1.0
2024-08-02,93.8,62.8,0.004,13.4,9,3.0
2024-08-03,94.1,59.0,0.004,15.5,9,2.0
2024-08-04,92.5,60.8,0.151,13.4,9,0.0
2024-08-05,90.2,68.5,0.114,11.2,9,0.0
2024-08-06,89.5,64.4,0.001,15.5,9,2.0
2024-08-07,89.7,67.1,0.0,13.4,9,1.0
2024-08-08,90.9,65.2,0.0,11.1,9,1.0
2024-08-09,91.6,63.8,0.004,13.4,9,0.0
2024-08-10,91.3,64.4,0.0,13.3,9,0.0
2024-08-11,91.8,66.9,0.038,13.4,9,1.0
2024-08-12,90.3,68.2,0.031,13.4,9,5.0
2024-08-13,89.1,68.6,0.203,13.4,8,2.0
2024-08-14,87.8,71.5,0.263,9.0,7,2.0
2024-08-15,86.4,71.5,0.013,13.4,8,3.0
2024-08-16,87.2,69.3,0.004,13.4,8,4.0
2024-08-17,87.5,67.3,0.02,11.2,7,6.0
2024-08-18,88.0,68.1,0.056,15.7,8,2.0
2024-08-19,86.5,74.4,0.016,15.6,7,9.0
2024-08-20,89.1,67.8,0.001,15.7,8,3.0
2024-08-21,87.6,70.0,0.006,20.1,7,2.0
2024-08-22,88.4,66.3,0.042,8.9,8,4.0
2024-08-23,89.9,62.8,0.0,8.9,8,0.0
2024-08-24,88.6,67.3,0.0,8.9,9,0.0
2024-08-25,88.8,67.3,0.004,11.2,8,3.0
2024-08-26,89.4,63.6,0.0,11.1,9,3.0
2024-08-27,86.7,72.8,0.102,20.1,7,0.0
2024-08-28,81.5,84.3,0.097,8.9,3,0.0
2024-08-29,83.8,81.3,0.028,8.9,8,0.0
2024-08-30,87.3,69.4,0.0,8.9,8,0.0
2024-08-31,87.3,68.9,0.0,8.9,9,6.0
2024-09-01,88.0,73.5,0.024,11.2,7,1.0
2024-09-02,89.1,73.2,0.0,8.9,8,2.0
2024-09-03,85.0,82.7,0.032,11.1,8,8.0
2024-09-04,86.2,70.9,0.0,13.3,7,6.0
2024-09-05,85.5,71.3,0.0,11.2,8,2.0
2024-09-06,85.9,70.0,0.0,13.3,7,2.0
2024-09-07,85.9,70.9,0.207,11.2,7,1.0
2024-09-08,83.6,79.6,0.195,8.9,7,1.0
2024-09-09,83.1,82.6,0.043,6.7,7,2.0
2024-09-10,78.9,93.4,2.332,13.4,2,1.0
2024-09-11,80.7,95.2,0.105,6.7,7,0.0
2024-09-12,84.5,80.9,0.032,13.4,7,0.0
2024-09-13,84.9,75.7,0.016,13.4,7,0.0
2024-09-14,83.1,79.7,0.056,8.9,7,2.0
2024-09-15,84.1,83.5,0.247,15.7,6,2.0
2024-09-16,82.0,89.5,0.774,17.9,2,5.0
2024-09-17,84.3,81.7,0.129,15.7,8,2.0
2024-09-18,82.9,84.1,0.114,11.2,7,2.0
2024-09-19,82.6,92.9,0.762,8.9,4,0.0
2024-09-20,85.2,83.1,0.009,17.9,6,0.0
2024-09-21,79.3,88.9,0.218,13.4,2,1.0
2024-09-22,74.3,69.5,0.032,15.5,3,2.0
2024-09-23,70.3,75.6,0.252,11.2,4,6.0
2024-09-24,71.7,82.3,0.163,8.9,3,4.0
2024-09-25,73.2,87.7,0.042,4.5,3,4.0
2024-09-26,77.5,81.0,0.01,6.7,6,0.0
2024-09-27,75.5,89.4,0.365,6.7,2,3.0
2024-09-28,76.6,79.3,0.001,8.9,7,0.0
2024-09-29,77.3,87.4,0.061,6.7,5,0.0
2024-09-30,79.7,84.7,0.032,11.2,6,0.0
2024-10-01,73.9,82.7,0.105,17.7,4,1.0
2024-10-02,70.6,57.9,0.02,13.4,7,1.0
2024-10-03,68.6,58.1,0.008,15.7,4,1.0
2024-10-04,70.0,63.7,0.01,13.4,3,2.0
2024-10-05,69.9,93.8,0.74,9.0,0,1.0
2024-10-06,70.0,94.8,0.903,8.9,2,1.0
2024-10-07,68.1,92.6,0.302,11.2,1,4.0
2024-10-08,65.4,82.4,0.278,11.1,2,1.0
2024-10-09,64.1,70.9,0.001,8.9,7,3.0
2024-10-10,64.4,68.2,0.0,8.9,8,2.0
2024-10-11,67.5,73.7,0.0,6.7,7,1.0
2024-10-12,70.3,78.4,0.032,6.7,6,3.0
2024-10-13,74.2,81.6,0.012,11.2,6,2.0
2024-10-14,77.3,78.6,0.06,6.7,7,3.0
2024-10-15,74.8,86.5,0.526,11.1,4,1.0
2024-10-16,74.0,86.1,0.108,8.9,4,1.0
2024-10-17,75.6,86.5,0.009,6.7,5,1.0
2024-10-18,80.0,76.8,0.002,11.2,7,1.0
2024-10-19,70.1,79.0,0.104,15.7,4,2.0
2024-10-20,65.5,71.4,0.02,11.2,5,1.0
2024-10-21,67.2,85.8,0.0,6.7,5,1.0
2024-10-22,67.7,80.3,0.0,13.4,4,0.0
2024-10-23,63.0,64.5,0.0,15.7,4,1.0
2024-10-24,65.5,63.3,0.004,11.2,3,1.0
2024-10-25,66.8,87.3,0.607,11.2,2,5.0
2024-10-26,72.9,96.1,0.305,6.7,2,3.0
2024-10-27,69.1,88.3,0.199,17.7,4,0.0
2024-10-28,65.5,77.9,0.234,13.3,7,3.0
2024-10-29,63.0,71.0,0.004,11.2,7,1.0
2024-10-30,65.2,79.0,0.056,9.0,4,2.0
2024-10-31,67.3,91.6,0.955,9.0,1,0.0
2024-11-01,67.4,95.0,4.86,22.2,1,0.0
2024-11-02,65.1,78.1,0.089,20.1,4,2.0
2024-11-03,64.6,80.1,0.0,6.7,6,0.0
2024-11-04,64.7,79.9,0.005,11.2,6,1.0
2024-11-05,64.3,65.5,0.001,11.2,6,1.0
2024-11-06,58.4,65.4,0.0,8.9,5,0.0
2024-11-07,59.7,67.2,0.008,8.9,4,1.0
2024-11-08,62.4,77.3,0.007,8.9,3,1.0
2024-11-09,67.0,84.4,0.002,6.7,4,0.0
2024-11-10,64.8,92.7,0.319,8.9,2,3.0
2024-11-11,65.0,76.2,0.0,8.9,3,1.0
2024-11-12,63.1,80.4,0.0,6.7,6,1.0
2024-11-13,66.6,80.2,0.0,11.2,5,0.0
2024-11-14,67.7,93.9,1.513,6.7,3,0.0
2024-11-15,70.2,97.0,1.453,6.7,1,2.0
2024-11-16,69.9,92.0,0.151,8.9,3,1.0
2024-11-17,63.2,83.1,0.182,13.4,0,0.0
2024-11-18,59.1,63.0,0.02,13.4,3,0.0
2024-11-19,57.3,71.1,0.0,8.9,3,0.0
2024-11-20,56.9,72.6,0.0,8.9,3,0.0
2024-11-21,54.7,71.8,0.0,11.2,4,1.0
2024-11-22,53.0,76.6,0.0,8.9,6,0.0
2024-11-23,55.9,69.2,0.0,11.2,5,0.0
2024-11-24,57.5,72.1,0.043,6.7,5,1.0
2024-11-25,59.4,83.8,0.213,17.8,3,0.0
2024-11-26,51.3,53.0,0.334,22.4,6,0.0
2024-11-27,49.6,54.4,0.0,17.9,6,1.0
2024-11-28,49.8,45.9,0.0,20.1,6,4.0
2024-11-29,50.2,41.3,0.0,13.4,6,5.0
2024-11-30,51.2,56.9,0.0,4.5,6,0.0
2024-12-01,55.0,58.1,0.0,6.7,6,1.0
2024-12-02,55.9,62.7,0.0,6.7,6,2.0
2024-12-03,55.2,77.6,0.0,8.9,4,1.0
2024-12-04,57.5,70.7,0.0,6.7,4,1.0
2024-12-05,52.3,83.5,0.012,8.9,1,2.0
2024-12-06,50.4,82.3,0.066,6.7,1,1.0
2024-12-07,51.3,71.0,0.02,13.4,4,2.0
2024-12-08,46.6,56.0,0.0,11.2,5,1.0
2024-12-09,46.2,73.5,0.0,4.5,5,2.0
2024-12-10,50.7,89.3,0.009,6.7,1,3.0
2024-12-11,48.4,91.5,0.373,13.4,0,1.0
2024-12-12,45.9,80.6,0.006,11.2,3,1.0
2024-12-13,46.4,75.7,0.077,15.7,4,1.0
2024-12-14,41.6,64.9,0.0,13.4,6,2.0
2024-12-15,39.4,55.6,0.0,8.9,6,1.0
2024-12-16,41.3,59.4,0.0,6.7,6,0.0
2024-12-17,43.9,58.6,0.0,6.7,6,0.0
2024-12-18,43.8,62.7,0.0,20.0,5,0.0
2024-12-19,42.2,59.0,0.0,13.4,4,1.0
2024-12-20,42.1,67.5,0.0,6.7,6,0.0
2024-12-21,41.5,56.9,0.0,15.7,6,0.0
2024-12-22,39.7,56.0,0.0,13.4,4,0.0
2024-12-23,44.2,72.3,0.001,6.7,2,2.0
2024-12-24,48.0,70.5,0.0,6.7,5,0.0
2024-12-25,48.1,77.6,0.014,6.7,4,0.0
2024-12-26,47.9,61.8,0.0,11.2,5,0.0
2024-12-27,45.9,60.6,0.0,8.9,5,0.0
2024-12-28,40.9,41.5,0.0,17.9,6,0.0
2024-12-29,38.4,55.4,0.0,6.7,6,0.0
2024-12-30,45.9,59.4,0.0,8.9,6,2.0
2024-12-31,44.3,55.1,0.0,11.2,6,1.0
